Workbook

Sheet Sheet1

Sheet Summary (consolidated)
B1: HOLDINGS | E1: TITLES | H1: NOTES
A2: Electronic Collection.Electronic Collection Interface Name | B2: 45839 | C2: 46204 | D2: Change (Jul 2026 - Jul 2025) | E2: 45839 | F2: 46204 | G2: Change (Jul 2026 - Jul 2025)
A3: TOTAL | B3: =SUM(B4:B879) -> 3581796 | C3: =SUM(C4:C879) -> 3327145 | D3: =C3-B3 -> -254651 | E3: =SUM(E4:E879) -> 3240002 | F3: =SUM(F4:F879) -> 3060897 | G3: =F3-E3 -> -179105 | H3: Status
B4: =SUMIF('Summary Managed By UCD'!$A:$A,"",'Summary Managed By UCD'!B:B)+SUMIF('Summary Managed By CDL'!$A:$A,"",'Summary Managed By CDL'!B:B) -> 4064 | C4: =SUMIF('Summary Managed By UCD'!$A:$A,"",'Summary Managed By UCD'!C:C)+SUMIF('Summary Managed By CDL'!$A:$A,"",'Summary Managed By CDL'!C:C) -> 4036 | D4: =C4-B4 -> -28 | E4: =SUMIF('Summary Managed By UCD'!$A:$A,"",'Summary Managed By UCD'!E:E)+SUMIF('Summary Managed By CDL'!$A:$A,"",'Summary Managed By CDL'!E:E) -> 3942 | F4: =SUMIF('Summary Managed By UCD'!$A:$A,"",'Summary Managed By UCD'!F:F)+SUMIF('Summary Managed By CDL'!$A:$A,"",'Summary Managed By CDL'!F:F) -> 3914 | G4: =F4-E4 -> -28 | H4: =if(and(B4>0,C4=0),"Dropped", if(and(B4=0,C4>0), "New this year",if(SUM(B4:C4)=0, "Not available at this campus","Still Available"))) -> Still Available
A5: AAPG DataPages | B5: =SUMIF('Summary Managed By UCD'!$A:$A,'Summary (consolidated)'!$A5,'Summary Managed By UCD'!B:B)+SUMIF('Summary Managed By CDL'!$A:$A,'Summary (consolidated)'!$A5,'Summary Managed By CDL'!B:B) -> 10 | C5: =SUMIF('Summary Managed By UCD'!$A:$A,'Summary (consolidated)'!$A5,'Summary Managed By UCD'!C:C)+SUMIF('Summary Managed By CDL'!$A:$A,'Summary (consolidated)'!$A5,'Summary Managed By CDL'!C:C) -> 10 | D5: =C5-B5 -> 0 | E5: =SUMIF('Summary Managed By UCD'!$A:$A,'Summary (consolidated)'!$A5,'Summary Managed By UCD'!E:E)+SUMIF('Summary Managed By CDL'!$A:$A,'Summary (consolidated)'!$A5,'Summary Managed By CDL'!E:E) -> 10 | F5: =SUMIF('Summary Managed By UCD'!$A:$A,'Summary (consolidated)'!$A5,'Summary Managed By UCD'!F:F)+SUMIF('Summary Managed By CDL'!$A:$A,'Summary (consolidated)'!$A5,'Summary Managed By CDL'!F:F) -> 10 | G5: =F5-E5 -> 0 | H5: =if(and(B5>0,C5=0),"Dropped", if(and(B5=0,C5>0), "New this year",if(SUM(B5:C5)=0, "Not available at this campus","Still Available"))) -> Still Available
A6: ACM Digital Library | B6: =SUMIF('Summary Managed By UCD'!$A:$A,'Summary (consolidated)'!$A6,'Summary Managed By UCD'!B:B)+SUMIF('Summary Managed By CDL'!$A:$A,'Summary (consolidated)'!$A6,'Summary Managed By CDL'!B:B) -> 15147 | C6: =SUMIF('Summary Managed By UCD'!$A:$A,'Summary (consolidated)'!$A6,'Summary Managed By UCD'!C:C)+SUMIF('Summary Managed By CDL'!$A:$A,'Summary (consolidated)'!$A6,'Summary Managed By CDL'!C:C) -> 16016 | D6: =C6-B6 -> 869 | E6: =SUMIF('Summary Managed By UCD'!$A:$A,'Summary (consolidated)'!$A6,'Summary Managed By UCD'!E:E)+SUMIF('Summary Managed By CDL'!$A:$A,'Summary (consolidated)'!$A6,'Summary Managed By CDL'!E:E) -> 14416 | F6: =SUMIF('Summary Managed By UCD'!$A:$A,'Summary (consolidated)'!$A6,'Summary Managed By UCD'!F:F)+SUMIF('Summary Managed By CDL'!$A:$A,'Summary (consolidated)'!$A6,'Summary Managed By CDL'!F:F) -> 15274 | G6: =F6-E6 -> 858 | H6: =if(and(B6>0,C6=0),"Dropped", if(and(B6=0,C6>0), "New this year",if(SUM(B6:C6)=0, "Not available at this campus","Still Available"))) -> Still Available
A7: AIAA Aerospace Research Central | B7: =SUMIF('Summary Managed By UCD'!$A:$A,'Summary (consolidated)'!$A7,'Summary Managed By UCD'!B:B)+SUMIF('Summary Managed By CDL'!$A:$A,'Summary (consolidated)'!$A7,'Summary Managed By CDL'!B:B) -> 1223 | C7: =SUMIF('Summary Managed By UCD'!$A:$A,'Summary (consolidated)'!$A7,'Summary Managed By UCD'!C:C)+SUMIF('Summary Managed By CDL'!$A:$A,'Summary (consolidated)'!$A7,'Summary Managed By CDL'!C:C) -> 1229 | D7: =C7-B7 -> 6 | E7: =SUMIF('Summary Managed By UCD'!$A:$A,'Summary (consolidated)'!$A7,'Summary Managed By UCD'!E:E)+SUMIF('Summary Managed By CDL'!$A:$A,'Summary (consolidated)'!$A7,'Summary Managed By CDL'!E:E) -> 1150 | F7: =SUMIF('Summary Managed By UCD'!$A:$A,'Summary (consolidated)'!$A7,'Summary Managed By UCD'!F:F)+SUMIF('Summary Managed By CDL'!$A:$A,'Summary (consolidated)'!$A7,'Summary Managed By CDL'!F:F) -> 1156 | G7: =F7-E7 -> 6 | H7: =if(and(B7>0,C7=0),"Dropped", if(and(B7=0,C7>0), "New this year",if(SUM(B7:C7)=0, "Not available at this campus","Still Available"))) -> Still Available
A8: AIP Publishing | B8: =SUMIF('Summary Managed By UCD'!$A:$A,'Summary (consolidated)'!$A8,'Summary Managed By UCD'!B:B)+SUMIF('Summary Managed By CDL'!$A:$A,'Summary (consolidated)'!$A8,'Summary Managed By CDL'!B:B) -> 3351 | C8: =SUMIF('Summary Managed By UCD'!$A:$A,'Summary (consolidated)'!$A8,'Summary Managed By UCD'!C:C)+SUMIF('Summary Managed By CDL'!$A:$A,'Summary (consolidated)'!$A8,'Summary Managed By CDL'!C:C) -> 3519 | D8: =C8-B8 -> 168 | E8: =SUMIF('Summary Managed By UCD'!$A:$A,'Summary (consolidated)'!$A8,'Summary Managed By UCD'!E:E)+SUMIF('Summary Managed By CDL'!$A:$A,'Summary (consolidated)'!$A8,'Summary Managed By CDL'!E:E) -> 3340 | F8: =SUMIF('Summary Managed By UCD'!$A:$A,'Summary (consolidated)'!$A8,'Summary Managed By UCD'!F:F)+SUMIF('Summary Managed By CDL'!$A:$A,'Summary (consolidated)'!$A8,'Summary Managed By CDL'!F:F) -> 3492 | G8: =F8-E8 -> 152 | H8: =if(and(B8>0,C8=0),"Dropped", if(and(B8=0,C8>0), "New this year",if(SUM(B8:C8)=0, "Not available at this campus","Still Available"))) -> Still Available
A9: AIP Scitation | B9: =SUMIF('Summary Managed By UCD'!$A:$A,'Summary (consolidated)'!$A9,'Summary Managed By UCD'!B:B)+SUMIF('Summary Managed By CDL'!$A:$A,'Summary (consolidated)'!$A9,'Summary Managed By CDL'!B:B) -> 0 | C9: =SUMIF('Summary Managed By UCD'!$A:$A,'Summary (consolidated)'!$A9,'Summary Managed By UCD'!C:C)+SUMIF('Summary Managed By CDL'!$A:$A,'Summary (consolidated)'!$A9,'Summary Managed By CDL'!C:C) -> 0 | D9: =C9-B9 -> 0 | E9: =SUMIF('Summary Managed By UCD'!$A:$A,'Summary (consolidated)'!$A9,'Summary Managed By UCD'!E:E)+SUMIF('Summary Managed By CDL'!$A:$A,'Summary (consolidated)'!$A9,'Summary Managed By CDL'!E:E) -> 0 | F9: =SUMIF('Summary Managed By UCD'!$A:$A,'Summary (consolidated)'!$A9,'Summary Managed By UCD'!F:F)+SUMIF('Summary Managed By CDL'!$A:$A,'Summary (consolidated)'!$A9,'Summary Managed By CDL'!F:F) -> 0 | G9: =F9-E9 -> 0 | H9: =if(and(B9>0,C9=0),"Dropped", if(and(B9=0,C9>0), "New this year",if(SUM(B9:C9)=0, "Not available at this campus","Still Available"))) -> Not available at this campus
A10: AJOL | B10: =SUMIF('Summary Managed By UCD'!$A:$A,'Summary (consolidated)'!$A10,'Summary Managed By UCD'!B:B)+SUMIF('Summary Managed By CDL'!$A:$A,'Summary (consolidated)'!$A10,'Summary Managed By CDL'!B:B) -> 1 | C10: =SUMIF('Summary Managed By UCD'!$A:$A,'Summary (consolidated)'!$A10,'Summary Managed By UCD'!C:C)+SUMIF('Summary Managed By CDL'!$A:$A,'Summary (consolidated)'!$A10,'Summary Managed By CDL'!C:C) -> 1 | D10: =C10-B10 -> 0 | E10: =SUMIF('Summary Managed By UCD'!$A:$A,'Summary (consolidated)'!$A10,'Summary Managed By UCD'!E:E)+SUMIF('Summary Managed By CDL'!$A:$A,'Summary (consolidated)'!$A10,'Summary Managed By CDL'!E:E) -> 1 | F10: =SUMIF('Summary Managed By UCD'!$A:$A,'Summary (consolidated)'!$A10,'Summary Managed By UCD'!F:F)+SUMIF('Summary Managed By CDL'!$A:$A,'Summary (consolidated)'!$A10,'Summary Managed By CDL'!F:F) -> 1 | G10: =F10-E10 -> 0 | H10: =if(and(B10>0,C10=0),"Dropped", if(and(B10=0,C10>0), "New this year",if(SUM(B10:C10)=0, "Not available at this campus","Still Available"))) -> Still Available
A11: AM (Adam Matthew) | B11: =SUMIF('Summary Managed By UCD'!$A:$A,'Summary (consolidated)'!$A11,'Summary Managed By UCD'!B:B)+SUMIF('Summary Managed By CDL'!$A:$A,'Summary (consolidated)'!$A11,'Summary Managed By CDL'!B:B) -> 69861 | C11: =SUMIF('Summary Managed By UCD'!$A:$A,'Summary (consolidated)'!$A11,'Summary Managed By UCD'!C:C)+SUMIF('Summary Managed By CDL'!$A:$A,'Summary (consolidated)'!$A11,'Summary Managed By CDL'!C:C) -> 69858 | D11: =C11-B11 -> -3 | E11: =SUMIF('Summary Managed By UCD'!$A:$A,'Summary (consolidated)'!$A11,'Summary Managed By UCD'!E:E)+SUMIF('Summary Managed By CDL'!$A:$A,'Summary (consolidated)'!$A11,'Summary Managed By CDL'!E:E) -> 68725 | F11: =SUMIF('Summary Managed By UCD'!$A:$A,'Summary (consolidated)'!$A11,'Summary Managed By UCD'!F:F)+SUMIF('Summary Managed By CDL'!$A:$A,'Summary (consolidated)'!$A11,'Summary Managed By CDL'!F:F) -> 68722 | G11: =F11-E11 -> -3 | H11: =if(and(B11>0,C11=0),"Dropped", if(and(B11=0,C11>0), "New this year",if(SUM(B11:C11)=0, "Not available at this campus","Still Available"))) -> Still Available
A12: ANU Press eTEXT | B12: =SUMIF('Summary Managed By UCD'!$A:$A,'Summary (consolidated)'!$A12,'Summary Managed By UCD'!B:B)+SUMIF('Summary Managed By CDL'!$A:$A,'Summary (consolidated)'!$A12,'Summary Managed By CDL'!B:B) -> 0 | C12: =SUMIF('Summary Managed By UCD'!$A:$A,'Summary (consolidated)'!$A12,'Summary Managed By UCD'!C:C)+SUMIF('Summary Managed By CDL'!$A:$A,'Summary (consolidated)'!$A12,'Summary Managed By CDL'!C:C) -> 0 | D12: =C12-B12 -> 0 | E12: =SUMIF('Summary Managed By UCD'!$A:$A,'Summary (consolidated)'!$A12,'Summary Managed By UCD'!E:E)+SUMIF('Summary Managed By CDL'!$A:$A,'Summary (consolidated)'!$A12,'Summary Managed By CDL'!E:E) -> 0 | F12: =SUMIF('Summary Managed By UCD'!$A:$A,'Summary (consolidated)'!$A12,'Summary Managed By UCD'!F:F)+SUMIF('Summary Managed By CDL'!$A:$A,'Summary (consolidated)'!$A12,'Summary Managed By CDL'!F:F) -> 0 | G12: =F12-E12 -> 0 | H12: =if(and(B12>0,C12=0),"Dropped", if(and(B12=0,C12>0), "New this year",if(SUM(B12:C12)=0, "Not available at this campus","Still Available"))) -> Not available at this campus
A13: ARTstor | B13: =SUMIF('Summary Managed By UCD'!$A:$A,'Summary (consolidated)'!$A13,'Summary Managed By UCD'!B:B)+SUMIF('Summary Managed By CDL'!$A:$A,'Summary (consolidated)'!$A13,'Summary Managed By CDL'!B:B) -> 0 | C13: =SUMIF('Summary Managed By UCD'!$A:$A,'Summary (consolidated)'!$A13,'Summary Managed By UCD'!C:C)+SUMIF('Summary Managed By CDL'!$A:$A,'Summary (consolidated)'!$A13,'Summary Managed By CDL'!C:C) -> 0 | D13: =C13-B13 -> 0 | E13: =SUMIF('Summary Managed By UCD'!$A:$A,'Summary (consolidated)'!$A13,'Summary Managed By UCD'!E:E)+SUMIF('Summary Managed By CDL'!$A:$A,'Summary (consolidated)'!$A13,'Summary Managed By CDL'!E:E) -> 0 | F13: =SUMIF('Summary Managed By UCD'!$A:$A,'Summary (consolidated)'!$A13,'Summary Managed By UCD'!F:F)+SUMIF('Summary Managed By CDL'!$A:$A,'Summary (consolidated)'!$A13,'Summary Managed By CDL'!F:F) -> 0 | G13: =F13-E13 -> 0 | H13: =if(and(B13>0,C13=0),"Dropped", if(and(B13=0,C13>0), "New this year",if(SUM(B13:C13)=0, "Not available at this campus","Still Available"))) -> Not available at this campus
A14: ARVO Publishing | B14: =SUMIF('Summary Managed By UCD'!$A:$A,'Summary (consolidated)'!$A14,'Summary Managed By UCD'!B:B)+SUMIF('Summary Managed By CDL'!$A:$A,'Summary (consolidated)'!$A14,'Summary Managed By CDL'!B:B) -> 0 | C14: =SUMIF('Summary Managed By UCD'!$A:$A,'Summary (consolidated)'!$A14,'Summary Managed By UCD'!C:C)+SUMIF('Summary Managed By CDL'!$A:$A,'Summary (consolidated)'!$A14,'Summary Managed By CDL'!C:C) -> 0 | D14: =C14-B14 -> 0 | E14: =SUMIF('Summary Managed By UCD'!$A:$A,'Summary (consolidated)'!$A14,'Summary Managed By UCD'!E:E)+SUMIF('Summary Managed By CDL'!$A:$A,'Summary (consolidated)'!$A14,'Summary Managed By CDL'!E:E) -> 0 | F14: =SUMIF('Summary Managed By UCD'!$A:$A,'Summary (consolidated)'!$A14,'Summary Managed By UCD'!F:F)+SUMIF('Summary Managed By CDL'!$A:$A,'Summary (consolidated)'!$A14,'Summary Managed By CDL'!F:F) -> 0 | G14: =F14-E14 -> 0 | H14: =if(and(B14>0,C14=0),"Dropped", if(and(B14=0,C14>0), "New this year",if(SUM(B14:C14)=0, "Not available at this campus","Still Available"))) -> Not available at this campus
A15: ASCE Magazines | B15: =SUMIF('Summary Managed By UCD'!$A:$A,'Summary (consolidated)'!$A15,'Summary Managed By UCD'!B:B)+SUMIF('Summary Managed By CDL'!$A:$A,'Summary (consolidated)'!$A15,'Summary Managed By CDL'!B:B) -> 2 | C15: =SUMIF('Summary Managed By UCD'!$A:$A,'Summary (consolidated)'!$A15,'Summary Managed By UCD'!C:C)+SUMIF('Summary Managed By CDL'!$A:$A,'Summary (consolidated)'!$A15,'Summary Managed By CDL'!C:C) -> 2 | D15: =C15-B15 -> 0 | E15: =SUMIF('Summary Managed By UCD'!$A:$A,'Summary (consolidated)'!$A15,'Summary Managed By UCD'!E:E)+SUMIF('Summary Managed By CDL'!$A:$A,'Summary (consolidated)'!$A15,'Summary Managed By CDL'!E:E) -> 2 | F15: =SUMIF('Summary Managed By UCD'!$A:$A,'Summary (consolidated)'!$A15,'Summary Managed By UCD'!F:F)+SUMIF('Summary Managed By CDL'!$A:$A,'Summary (consolidated)'!$A15,'Summary Managed By CDL'!F:F) -> 2 | G15: =F15-E15 -> 0 | H15: =if(and(B15>0,C15=0),"Dropped", if(and(B15=0,C15>0), "New this year",if(SUM(B15:C15)=0, "Not available at this campus","Still Available"))) -> Still Available
A16: ASM International | B16: =SUMIF('Summary Managed By UCD'!$A:$A,'Summary (consolidated)'!$A16,'Summary Managed By UCD'!B:B)+SUMIF('Summary Managed By CDL'!$A:$A,'Summary (consolidated)'!$A16,'Summary Managed By CDL'!B:B) -> 0 | C16: =SUMIF('Summary Managed By UCD'!$A:$A,'Summary (consolidated)'!$A16,'Summary Managed By UCD'!C:C)+SUMIF('Summary Managed By CDL'!$A:$A,'Summary (consolidated)'!$A16,'Summary Managed By CDL'!C:C) -> 0 | D16: =C16-B16 -> 0 | E16: =SUMIF('Summary Managed By UCD'!$A:$A,'Summary (consolidated)'!$A16,'Summary Managed By UCD'!E:E)+SUMIF('Summary Managed By CDL'!$A:$A,'Summary (consolidated)'!$A16,'Summary Managed By CDL'!E:E) -> 0 | F16: =SUMIF('Summary Managed By UCD'!$A:$A,'Summary (consolidated)'!$A16,'Summary Managed By UCD'!F:F)+SUMIF('Summary Managed By CDL'!$A:$A,'Summary (consolidated)'!$A16,'Summary Managed By CDL'!F:F) -> 0 | G16: =F16-E16 -> 0 | H16: =if(and(B16>0,C16=0),"Dropped", if(and(B16=0,C16>0), "New this year",if(SUM(B16:C16)=0, "Not available at this campus","Still Available"))) -> Not available at this campus
... A656: University of New Mexico | B656: =SUMIF('Summary Managed By UCD'!$A:$A,'Summary (consolidated)'!$A656,'Summary Managed By UCD'!B:B)+SUMIF('Summary Managed By CDL'!$A:$A,'Summary (consolidated)'!$A656,'Summary Managed By CDL'!B:B) -> 0 | C656: =SUMIF('Summary Managed By UCD'!$A:$A,'Summary (consolidated)'!$A656,'Summary Managed By UCD'!C:C)+SUMIF('Summary Managed By CDL'!$A:$A,'Summary (consolidated)'!$A656,'Summary Managed By CDL'!C:C) -> 4 | D656: =C656-B656 -> 4 | E656: =SUMIF('Summary Managed By UCD'!$A:$A,'Summary (consolidated)'!$A656,'Summary Managed By UCD'!E:E)+SUMIF('Summary Managed By CDL'!$A:$A,'Summary (consolidated)'!$A656,'Summary Managed By CDL'!E:E) -> 0 | F656: =SUMIF('Summary Managed By UCD'!$A:$A,'Summary (consolidated)'!$A656,'Summary Managed By UCD'!F:F)+SUMIF('Summary Managed By CDL'!$A:$A,'Summary (consolidated)'!$A656,'Summary Managed By CDL'!F:F) -> 4 | G656: =F656-E656 -> 4 | H656: =if(and(B656>0,C656=0),"Dropped", if(and(B656=0,C656>0), "New this year",if(SUM(B656:C656)=0, "Not available at this campus","Still Available"))) -> New this year

Sheet Summary Managed By CDL
B1: HOLDINGS | E1: TITLES | H1: NOTES
A2: Electronic Collection.Electronic Collection Interface Name | B2: 45839 | C2: 46204 | D2: Change (Jul 2026 - Jul 2025) | E2: 45839 | F2: 46204 | G2: Change (Jul 2026 - Jul 2025) | I2: Notes and explanations from CDL
A3: TOTAL | B3: =SUM(B4:B879) -> 2189609 | C3: =SUM(C4:C879) -> 1987502 | D3: =C3-B3 -> -202107 | E3: =SUM(E4:E879) -> 1970970 | F3: =SUM(F4:F879) -> 1854523 | G3: =F3-E3 -> -116447 | H3: Status
B4: =SUMIF('UCD Breakdown 250701'!$A$104:$A$746,"",'UCD Breakdown 250701'!$AL$104:$AL$746)+SUMIF('UCD Breakdown 250701'!$A$104:$A$746,"",'UCD Breakdown 250701'!$AM$104:$AM$746)+SUMIF('UCD Breakdown 250701'!$A$104:$A$746,"",'UCD Breakdown 250701'!$AN$104:$AN$746)+SUMIF('UCD Breakdown 250701'!$A$104:$A$746,"",'UCD Breakdown 250701'!$AO$104:$AO$746) -> 3 | C4: =SUMIF('UCD Breakdown 260701'!$A$9:$A$323, "", 'UCD Breakdown 260701'!$C$9:$C$323) -> 1 | D4: =C4-B4 -> -2 | E4: =SUMIF('UCD Breakdown 250701'!$A$827:$A$1469,"",'UCD Breakdown 250701'!$AL$827:$AL$1469)+SUMIF('UCD Breakdown 250701'!$A$827:$A$1469,"",'UCD Breakdown 250701'!$AM$827:$AM$1469)+SUMIF('UCD Breakdown 250701'!$A$827:$A$1469,"",'UCD Breakdown 250701'!$AN$827:$AN$1469)+SUMIF('UCD Breakdown 250701'!$A$827:$A$1469,"",'UCD Breakdown 250701'!$AO$827:$AO$1469) -> 3 | F4: =SUMIF('UCD Breakdown 260701'!$A$334:$A$648, "",'UCD Breakdown 260701'!$C$334:$C$648) -> 1 | G4: =F4-E4 -> -2 | H4: =if(and(B4>0,C4=0),"Dropped", if(and(B4=0,C4>0), "New this year",if(SUM(B4:C4)=0, "Not managed for this campus by CDL","Still Available"))) -> Still Available
A5: AAPG DataPages | B5: =SUMIF('UCD Breakdown 250701'!$A$104:$A$746,'Summary Managed By CDL'!$A5,'UCD Breakdown 250701'!$AL$104:$AL$746)+SUMIF('UCD Breakdown 250701'!$A$104:$A$746,'Summary Managed By CDL'!$A5,'UCD Breakdown 250701'!$AM$104:$AM$746)+SUMIF('UCD Breakdown 250701'!$A$104:$A$746,'Summary Managed By CDL'!$A5,'UCD Breakdown 250701'!$AN$104:$AN$746)+SUMIF('UCD Breakdown 250701'!$A$104:$A$746,'Summary Managed By CDL'!$A5,'UCD Breakdown 250701'!$AO$104:$AO$746) -> 0 | C5: =SUMIF('UCD Breakdown 260701'!$A$9:$A$323, $A5, 'UCD Breakdown 260701'!$C$9:$C$323) -> 0 | D5: =C5-B5 -> 0 | E5: =SUMIF('UCD Breakdown 250701'!$A$827:$A$1469,'Summary Managed By CDL'!$A5,'UCD Breakdown 250701'!$AL$827:$AL$1469)+SUMIF('UCD Breakdown 250701'!$A$827:$A$1469,'Summary Managed By CDL'!$A5,'UCD Breakdown 250701'!$AM$827:$AM$1469)+SUMIF('UCD Breakdown 250701'!$A$827:$A$1469,'Summary Managed By CDL'!$A5,'UCD Breakdown 250701'!$AN$827:$AN$1469)+SUMIF('UCD Breakdown 250701'!$A$827:$A$1469,'Summary Managed By CDL'!$A5,'UCD Breakdown 250701'!$AO$827:$AO$1469) -> 0 | F5: =SUMIF('UCD Breakdown 260701'!$A$334:$A$648, $A5,'UCD Breakdown 260701'!$C$334:$C$648) -> 0 | G5: =F5-E5 -> 0 | H5: =if(and(B5>0,C5=0),"Dropped", if(and(B5=0,C5>0), "New this year",if(SUM(B5:C5)=0, "Not managed for this campus by CDL","Still Available"))) -> Not managed for this campus by CDL
A6: ACM Digital Library | B6: =SUMIF('UCD Breakdown 250701'!$A$104:$A$746,'Summary Managed By CDL'!$A6,'UCD Breakdown 250701'!$AL$104:$AL$746)+SUMIF('UCD Breakdown 250701'!$A$104:$A$746,'Summary Managed By CDL'!$A6,'UCD Breakdown 250701'!$AM$104:$AM$746)+SUMIF('UCD Breakdown 250701'!$A$104:$A$746,'Summary Managed By CDL'!$A6,'UCD Breakdown 250701'!$AN$104:$AN$746)+SUMIF('UCD Breakdown 250701'!$A$104:$A$746,'Summary Managed By CDL'!$A6,'UCD Breakdown 250701'!$AO$104:$AO$746) -> 15147 | C6: =SUMIF('UCD Breakdown 260701'!$A$9:$A$323, $A6, 'UCD Breakdown 260701'!$C$9:$C$323) -> 16016 | D6: =C6-B6 -> 869 | E6: =SUMIF('UCD Breakdown 250701'!$A$827:$A$1469,'Summary Managed By CDL'!$A6,'UCD Breakdown 250701'!$AL$827:$AL$1469)+SUMIF('UCD Breakdown 250701'!$A$827:$A$1469,'Summary Managed By CDL'!$A6,'UCD Breakdown 250701'!$AM$827:$AM$1469)+SUMIF('UCD Breakdown 250701'!$A$827:$A$1469,'Summary Managed By CDL'!$A6,'UCD Breakdown 250701'!$AN$827:$AN$1469)+SUMIF('UCD Breakdown 250701'!$A$827:$A$1469,'Summary Managed By CDL'!$A6,'UCD Breakdown 250701'!$AO$827:$AO$1469) -> 14416 | F6: =SUMIF('UCD Breakdown 260701'!$A$334:$A$648, $A6,'UCD Breakdown 260701'!$C$334:$C$648) -> 15274 | G6: =F6-E6 -> 858 | H6: =if(and(B6>0,C6=0),"Dropped", if(and(B6=0,C6>0), "New this year",if(SUM(B6:C6)=0, "Not managed for this campus by CDL","Still Available"))) -> Still Available
A7: AIAA Aerospace Research Central | B7: =SUMIF('UCD Breakdown 250701'!$A$104:$A$746,'Summary Managed By CDL'!$A7,'UCD Breakdown 250701'!$AL$104:$AL$746)+SUMIF('UCD Breakdown 250701'!$A$104:$A$746,'Summary Managed By CDL'!$A7,'UCD Breakdown 250701'!$AM$104:$AM$746)+SUMIF('UCD Breakdown 250701'!$A$104:$A$746,'Summary Managed By CDL'!$A7,'UCD Breakdown 250701'!$AN$104:$AN$746)+SUMIF('UCD Breakdown 250701'!$A$104:$A$746,'Summary Managed By CDL'!$A7,'UCD Breakdown 250701'!$AO$104:$AO$746) -> 0 | C7: =SUMIF('UCD Breakdown 260701'!$A$9:$A$323, $A7, 'UCD Breakdown 260701'!$C$9:$C$323) -> 0 | D7: =C7-B7 -> 0 | E7: =SUMIF('UCD Breakdown 250701'!$A$827:$A$1469,'Summary Managed By CDL'!$A7,'UCD Breakdown 250701'!$AL$827:$AL$1469)+SUMIF('UCD Breakdown 250701'!$A$827:$A$1469,'Summary Managed By CDL'!$A7,'UCD Breakdown 250701'!$AM$827:$AM$1469)+SUMIF('UCD Breakdown 250701'!$A$827:$A$1469,'Summary Managed By CDL'!$A7,'UCD Breakdown 250701'!$AN$827:$AN$1469)+SUMIF('UCD Breakdown 250701'!$A$827:$A$1469,'Summary Managed By CDL'!$A7,'UCD Breakdown 250701'!$AO$827:$AO$1469) -> 0 | F7: =SUMIF('UCD Breakdown 260701'!$A$334:$A$648, $A7,'UCD Breakdown 260701'!$C$334:$C$648) -> 0 | G7: =F7-E7 -> 0 | H7: =if(and(B7>0,C7=0),"Dropped", if(and(B7=0,C7>0), "New this year",if(SUM(B7:C7)=0, "Not managed for this campus by CDL","Still Available"))) -> Not managed for this campus by CDL
A8: AIP Publishing | B8: =SUMIF('UCD Breakdown 250701'!$A$104:$A$746,'Summary Managed By CDL'!$A8,'UCD Breakdown 250701'!$AL$104:$AL$746)+SUMIF('UCD Breakdown 250701'!$A$104:$A$746,'Summary Managed By CDL'!$A8,'UCD Breakdown 250701'!$AM$104:$AM$746)+SUMIF('UCD Breakdown 250701'!$A$104:$A$746,'Summary Managed By CDL'!$A8,'UCD Breakdown 250701'!$AN$104:$AN$746)+SUMIF('UCD Breakdown 250701'!$A$104:$A$746,'Summary Managed By CDL'!$A8,'UCD Breakdown 250701'!$AO$104:$AO$746) -> 3349 | C8: =SUMIF('UCD Breakdown 260701'!$A$9:$A$323, $A8, 'UCD Breakdown 260701'!$C$9:$C$323) -> 3517 | D8: =C8-B8 -> 168 | E8: =SUMIF('UCD Breakdown 250701'!$A$827:$A$1469,'Summary Managed By CDL'!$A8,'UCD Breakdown 250701'!$AL$827:$AL$1469)+SUMIF('UCD Breakdown 250701'!$A$827:$A$1469,'Summary Managed By CDL'!$A8,'UCD Breakdown 250701'!$AM$827:$AM$1469)+SUMIF('UCD Breakdown 250701'!$A$827:$A$1469,'Summary Managed By CDL'!$A8,'UCD Breakdown 250701'!$AN$827:$AN$1469)+SUMIF('UCD Breakdown 250701'!$A$827:$A$1469,'Summary Managed By CDL'!$A8,'UCD Breakdown 250701'!$AO$827:$AO$1469) -> 3338 | F8: =SUMIF('UCD Breakdown 260701'!$A$334:$A$648, $A8,'UCD Breakdown 260701'!$C$334:$C$648) -> 3490 | G8: =F8-E8 -> 152 | H8: =if(and(B8>0,C8=0),"Dropped", if(and(B8=0,C8>0), "New this year",if(SUM(B8:C8)=0, "Not managed for this campus by CDL","Still Available"))) -> Still Available
A9: AIP Scitation | B9: =SUMIF('UCD Breakdown 250701'!$A$104:$A$746,'Summary Managed By CDL'!$A9,'UCD Breakdown 250701'!$AL$104:$AL$746)+SUMIF('UCD Breakdown 250701'!$A$104:$A$746,'Summary Managed By CDL'!$A9,'UCD Breakdown 250701'!$AM$104:$AM$746)+SUMIF('UCD Breakdown 250701'!$A$104:$A$746,'Summary Managed By CDL'!$A9,'UCD Breakdown 250701'!$AN$104:$AN$746)+SUMIF('UCD Breakdown 250701'!$A$104:$A$746,'Summary Managed By CDL'!$A9,'UCD Breakdown 250701'!$AO$104:$AO$746) -> 0 | C9: =SUMIF('UCD Breakdown 260701'!$A$9:$A$323, $A9, 'UCD Breakdown 260701'!$C$9:$C$323) -> 0 | D9: =C9-B9 -> 0 | E9: =SUMIF('UCD Breakdown 250701'!$A$827:$A$1469,'Summary Managed By CDL'!$A9,'UCD Breakdown 250701'!$AL$827:$AL$1469)+SUMIF('UCD Breakdown 250701'!$A$827:$A$1469,'Summary Managed By CDL'!$A9,'UCD Breakdown 250701'!$AM$827:$AM$1469)+SUMIF('UCD Breakdown 250701'!$A$827:$A$1469,'Summary Managed By CDL'!$A9,'UCD Breakdown 250701'!$AN$827:$AN$1469)+SUMIF('UCD Breakdown 250701'!$A$827:$A$1469,'Summary Managed By CDL'!$A9,'UCD Breakdown 250701'!$AO$827:$AO$1469) -> 0 | F9: =SUMIF('UCD Breakdown 260701'!$A$334:$A$648, $A9,'UCD Breakdown 260701'!$C$334:$C$648) -> 0 | G9: =F9-E9 -> 0 | H9: =if(and(B9>0,C9=0),"Dropped", if(and(B9=0,C9>0), "New this year",if(SUM(B9:C9)=0, "Not managed for this campus by CDL","Still Available"))) -> Not managed for this campus by CDL
A10: AJOL | B10: =SUMIF('UCD Breakdown 250701'!$A$104:$A$746,'Summary Managed By CDL'!$A10,'UCD Breakdown 250701'!$AL$104:$AL$746)+SUMIF('UCD Breakdown 250701'!$A$104:$A$746,'Summary Managed By CDL'!$A10,'UCD Breakdown 250701'!$AM$104:$AM$746)+SUMIF('UCD Breakdown 250701'!$A$104:$A$746,'Summary Managed By CDL'!$A10,'UCD Breakdown 250701'!$AN$104:$AN$746)+SUMIF('UCD Breakdown 250701'!$A$104:$A$746,'Summary Managed By CDL'!$A10,'UCD Breakdown 250701'!$AO$104:$AO$746) -> 0 | C10: =SUMIF('UCD Breakdown 260701'!$A$9:$A$323, $A10, 'UCD Breakdown 260701'!$C$9:$C$323) -> 0 | D10: =C10-B10 -> 0 | E10: =SUMIF('UCD Breakdown 250701'!$A$827:$A$1469,'Summary Managed By CDL'!$A10,'UCD Breakdown 250701'!$AL$827:$AL$1469)+SUMIF('UCD Breakdown 250701'!$A$827:$A$1469,'Summary Managed By CDL'!$A10,'UCD Breakdown 250701'!$AM$827:$AM$1469)+SUMIF('UCD Breakdown 250701'!$A$827:$A$1469,'Summary Managed By CDL'!$A10,'UCD Breakdown 250701'!$AN$827:$AN$1469)+SUMIF('UCD Breakdown 250701'!$A$827:$A$1469,'Summary Managed By CDL'!$A10,'UCD Breakdown 250701'!$AO$827:$AO$1469) -> 0 | F10: =SUMIF('UCD Breakdown 260701'!$A$334:$A$648, $A10,'UCD Breakdown 260701'!$C$334:$C$648) -> 0 | G10: =F10-E10 -> 0 | H10: =if(and(B10>0,C10=0),"Dropped", if(and(B10=0,C10>0), "New this year",if(SUM(B10:C10)=0, "Not managed for this campus by CDL","Still Available"))) -> Not managed for this campus by CDL
A11: AM (Adam Matthew) | B11: =SUMIF('UCD Breakdown 250701'!$A$104:$A$746,'Summary Managed By CDL'!$A11,'UCD Breakdown 250701'!$AL$104:$AL$746)+SUMIF('UCD Breakdown 250701'!$A$104:$A$746,'Summary Managed By CDL'!$A11,'UCD Breakdown 250701'!$AM$104:$AM$746)+SUMIF('UCD Breakdown 250701'!$A$104:$A$746,'Summary Managed By CDL'!$A11,'UCD Breakdown 250701'!$AN$104:$AN$746)+SUMIF('UCD Breakdown 250701'!$A$104:$A$746,'Summary Managed By CDL'!$A11,'UCD Breakdown 250701'!$AO$104:$AO$746) -> 17174 | C11: =SUMIF('UCD Breakdown 260701'!$A$9:$A$323, $A11, 'UCD Breakdown 260701'!$C$9:$C$323) -> 17175 | D11: =C11-B11 -> 1 | E11: =SUMIF('UCD Breakdown 250701'!$A$827:$A$1469,'Summary Managed By CDL'!$A11,'UCD Breakdown 250701'!$AL$827:$AL$1469)+SUMIF('UCD Breakdown 250701'!$A$827:$A$1469,'Summary Managed By CDL'!$A11,'UCD Breakdown 250701'!$AM$827:$AM$1469)+SUMIF('UCD Breakdown 250701'!$A$827:$A$1469,'Summary Managed By CDL'!$A11,'UCD Breakdown 250701'!$AN$827:$AN$1469)+SUMIF('UCD Breakdown 250701'!$A$827:$A$1469,'Summary Managed By CDL'!$A11,'UCD Breakdown 250701'!$AO$827:$AO$1469) -> 17174 | F11: =SUMIF('UCD Breakdown 260701'!$A$334:$A$648, $A11,'UCD Breakdown 260701'!$C$334:$C$648) -> 17175 | G11: =F11-E11 -> 1 | H11: =if(and(B11>0,C11=0),"Dropped", if(and(B11=0,C11>0), "New this year",if(SUM(B11:C11)=0, "Not managed for this campus by CDL","Still Available"))) -> Still Available
A12: ANU Press eTEXT | B12: =SUMIF('UCD Breakdown 250701'!$A$104:$A$746,'Summary Managed By CDL'!$A12,'UCD Breakdown 250701'!$AL$104:$AL$746)+SUMIF('UCD Breakdown 250701'!$A$104:$A$746,'Summary Managed By CDL'!$A12,'UCD Breakdown 250701'!$AM$104:$AM$746)+SUMIF('UCD Breakdown 250701'!$A$104:$A$746,'Summary Managed By CDL'!$A12,'UCD Breakdown 250701'!$AN$104:$AN$746)+SUMIF('UCD Breakdown 250701'!$A$104:$A$746,'Summary Managed By CDL'!$A12,'UCD Breakdown 250701'!$AO$104:$AO$746) -> 0 | C12: =SUMIF('UCD Breakdown 260701'!$A$9:$A$323, $A12, 'UCD Breakdown 260701'!$C$9:$C$323) -> 0 | D12: =C12-B12 -> 0 | E12: =SUMIF('UCD Breakdown 250701'!$A$827:$A$1469,'Summary Managed By CDL'!$A12,'UCD Breakdown 250701'!$AL$827:$AL$1469)+SUMIF('UCD Breakdown 250701'!$A$827:$A$1469,'Summary Managed By CDL'!$A12,'UCD Breakdown 250701'!$AM$827:$AM$1469)+SUMIF('UCD Breakdown 250701'!$A$827:$A$1469,'Summary Managed By CDL'!$A12,'UCD Breakdown 250701'!$AN$827:$AN$1469)+SUMIF('UCD Breakdown 250701'!$A$827:$A$1469,'Summary Managed By CDL'!$A12,'UCD Breakdown 250701'!$AO$827:$AO$1469) -> 0 | F12: =SUMIF('UCD Breakdown 260701'!$A$334:$A$648, $A12,'UCD Breakdown 260701'!$C$334:$C$648) -> 0 | G12: =F12-E12 -> 0 | H12: =if(and(B12>0,C12=0),"Dropped", if(and(B12=0,C12>0), "New this year",if(SUM(B12:C12)=0, "Not managed for this campus by CDL","Still Available"))) -> Not managed for this campus by CDL
A13: ARTstor | B13: =SUMIF('UCD Breakdown 250701'!$A$104:$A$746,'Summary Managed By CDL'!$A13,'UCD Breakdown 250701'!$AL$104:$AL$746)+SUMIF('UCD Breakdown 250701'!$A$104:$A$746,'Summary Managed By CDL'!$A13,'UCD Breakdown 250701'!$AM$104:$AM$746)+SUMIF('UCD Breakdown 250701'!$A$104:$A$746,'Summary Managed By CDL'!$A13,'UCD Breakdown 250701'!$AN$104:$AN$746)+SUMIF('UCD Breakdown 250701'!$A$104:$A$746,'Summary Managed By CDL'!$A13,'UCD Breakdown 250701'!$AO$104:$AO$746) -> 0 | C13: =SUMIF('UCD Breakdown 260701'!$A$9:$A$323, $A13, 'UCD Breakdown 260701'!$C$9:$C$323) -> 0 | D13: =C13-B13 -> 0 | E13: =SUMIF('UCD Breakdown 250701'!$A$827:$A$1469,'Summary Managed By CDL'!$A13,'UCD Breakdown 250701'!$AL$827:$AL$1469)+SUMIF('UCD Breakdown 250701'!$A$827:$A$1469,'Summary Managed By CDL'!$A13,'UCD Breakdown 250701'!$AM$827:$AM$1469)+SUMIF('UCD Breakdown 250701'!$A$827:$A$1469,'Summary Managed By CDL'!$A13,'UCD Breakdown 250701'!$AN$827:$AN$1469)+SUMIF('UCD Breakdown 250701'!$A$827:$A$1469,'Summary Managed By CDL'!$A13,'UCD Breakdown 250701'!$AO$827:$AO$1469) -> 0 | F13: =SUMIF('UCD Breakdown 260701'!$A$334:$A$648, $A13,'UCD Breakdown 260701'!$C$334:$C$648) -> 0 | G13: =F13-E13 -> 0 | H13: =if(and(B13>0,C13=0),"Dropped", if(and(B13=0,C13>0), "New this year",if(SUM(B13:C13)=0, "Not managed for this campus by CDL","Still Available"))) -> Not managed for this campus by CDL
A14: ARVO Publishing | B14: =SUMIF('UCD Breakdown 250701'!$A$104:$A$746,'Summary Managed By CDL'!$A14,'UCD Breakdown 250701'!$AL$104:$AL$746)+SUMIF('UCD Breakdown 250701'!$A$104:$A$746,'Summary Managed By CDL'!$A14,'UCD Breakdown 250701'!$AM$104:$AM$746)+SUMIF('UCD Breakdown 250701'!$A$104:$A$746,'Summary Managed By CDL'!$A14,'UCD Breakdown 250701'!$AN$104:$AN$746)+SUMIF('UCD Breakdown 250701'!$A$104:$A$746,'Summary Managed By CDL'!$A14,'UCD Breakdown 250701'!$AO$104:$AO$746) -> 0 | C14: =SUMIF('UCD Breakdown 260701'!$A$9:$A$323, $A14, 'UCD Breakdown 260701'!$C$9:$C$323) -> 0 | D14: =C14-B14 -> 0 | E14: =SUMIF('UCD Breakdown 250701'!$A$827:$A$1469,'Summary Managed By CDL'!$A14,'UCD Breakdown 250701'!$AL$827:$AL$1469)+SUMIF('UCD Breakdown 250701'!$A$827:$A$1469,'Summary Managed By CDL'!$A14,'UCD Breakdown 250701'!$AM$827:$AM$1469)+SUMIF('UCD Breakdown 250701'!$A$827:$A$1469,'Summary Managed By CDL'!$A14,'UCD Breakdown 250701'!$AN$827:$AN$1469)+SUMIF('UCD Breakdown 250701'!$A$827:$A$1469,'Summary Managed By CDL'!$A14,'UCD Breakdown 250701'!$AO$827:$AO$1469) -> 0 | F14: =SUMIF('UCD Breakdown 260701'!$A$334:$A$648, $A14,'UCD Breakdown 260701'!$C$334:$C$648) -> 0 | G14: =F14-E14 -> 0 | H14: =if(and(B14>0,C14=0),"Dropped", if(and(B14=0,C14>0), "New this year",if(SUM(B14:C14)=0, "Not managed for this campus by CDL","Still Available"))) -> Not managed for this campus by CDL
A15: ASCE Magazines | B15: =SUMIF('UCD Breakdown 250701'!$A$104:$A$746,'Summary Managed By CDL'!$A15,'UCD Breakdown 250701'!$AL$104:$AL$746)+SUMIF('UCD Breakdown 250701'!$A$104:$A$746,'Summary Managed By CDL'!$A15,'UCD Breakdown 250701'!$AM$104:$AM$746)+SUMIF('UCD Breakdown 250701'!$A$104:$A$746,'Summary Managed By CDL'!$A15,'UCD Breakdown 250701'!$AN$104:$AN$746)+SUMIF('UCD Breakdown 250701'!$A$104:$A$746,'Summary Managed By CDL'!$A15,'UCD Breakdown 250701'!$AO$104:$AO$746) -> 2 | C15: =SUMIF('UCD Breakdown 260701'!$A$9:$A$323, $A15, 'UCD Breakdown 260701'!$C$9:$C$323) -> 2 | D15: =C15-B15 -> 0 | E15: =SUMIF('UCD Breakdown 250701'!$A$827:$A$1469,'Summary Managed By CDL'!$A15,'UCD Breakdown 250701'!$AL$827:$AL$1469)+SUMIF('UCD Breakdown 250701'!$A$827:$A$1469,'Summary Managed By CDL'!$A15,'UCD Breakdown 250701'!$AM$827:$AM$1469)+SUMIF('UCD Breakdown 250701'!$A$827:$A$1469,'Summary Managed By CDL'!$A15,'UCD Breakdown 250701'!$AN$827:$AN$1469)+SUMIF('UCD Breakdown 250701'!$A$827:$A$1469,'Summary Managed By CDL'!$A15,'UCD Breakdown 250701'!$AO$827:$AO$1469) -> 2 | F15: =SUMIF('UCD Breakdown 260701'!$A$334:$A$648, $A15,'UCD Breakdown 260701'!$C$334:$C$648) -> 2 | G15: =F15-E15 -> 0 | H15: =if(and(B15>0,C15=0),"Dropped", if(and(B15=0,C15>0), "New this year",if(SUM(B15:C15)=0, "Not managed for this campus by CDL","Still Available"))) -> Still Available
A16: ASM International | B16: =SUMIF('UCD Breakdown 250701'!$A$104:$A$746,'Summary Managed By CDL'!$A16,'UCD Breakdown 250701'!$AL$104:$AL$746)+SUMIF('UCD Breakdown 250701'!$A$104:$A$746,'Summary Managed By CDL'!$A16,'UCD Breakdown 250701'!$AM$104:$AM$746)+SUMIF('UCD Breakdown 250701'!$A$104:$A$746,'Summary Managed By CDL'!$A16,'UCD Breakdown 250701'!$AN$104:$AN$746)+SUMIF('UCD Breakdown 250701'!$A$104:$A$746,'Summary Managed By CDL'!$A16,'UCD Breakdown 250701'!$AO$104:$AO$746) -> 0 | C16: =SUMIF('UCD Breakdown 260701'!$A$9:$A$323, $A16, 'UCD Breakdown 260701'!$C$9:$C$323) -> 0 | D16: =C16-B16 -> 0 | E16: =SUMIF('UCD Breakdown 250701'!$A$827:$A$1469,'Summary Managed By CDL'!$A16,'UCD Breakdown 250701'!$AL$827:$AL$1469)+SUMIF('UCD Breakdown 250701'!$A$827:$A$1469,'Summary Managed By CDL'!$A16,'UCD Breakdown 250701'!$AM$827:$AM$1469)+SUMIF('UCD Breakdown 250701'!$A$827:$A$1469,'Summary Managed By CDL'!$A16,'UCD Breakdown 250701'!$AN$827:$AN$1469)+SUMIF('UCD Breakdown 250701'!$A$827:$A$1469,'Summary Managed By CDL'!$A16,'UCD Breakdown 250701'!$AO$827:$AO$1469) -> 0 | F16: =SUMIF('UCD Breakdown 260701'!$A$334:$A$648, $A16,'UCD Breakdown 260701'!$C$334:$C$648) -> 0 | G16: =F16-E16 -> 0 | H16: =if(and(B16>0,C16=0),"Dropped", if(and(B16=0,C16>0), "New this year",if(SUM(B16:C16)=0, "Not managed for this campus by CDL","Still Available"))) -> Not managed for this campus by CDL
... A656: University of New Mexico | B656: =SUMIF('UCD Breakdown 250701'!$A$104:$A$746,'Summary Managed By CDL'!$A656,'UCD Breakdown 250701'!$AL$104:$AL$746)+SUMIF('UCD Breakdown 250701'!$A$104:$A$746,'Summary Managed By CDL'!$A656,'UCD Breakdown 250701'!$AM$104:$AM$746)+SUMIF('UCD Breakdown 250701'!$A$104:$A$746,'Summary Managed By CDL'!$A656,'UCD Breakdown 250701'!$AN$104:$AN$746)+SUMIF('UCD Breakdown 250701'!$A$104:$A$746,'Summary Managed By CDL'!$A656,'UCD Breakdown 250701'!$AO$104:$AO$746) -> 0 | C656: =SUMIF('UCD Breakdown 260701'!$A$9:$A$323, $A656, 'UCD Breakdown 260701'!$C$9:$C$323) -> 4 | D656: =C656-B656 -> 4 | E656: =SUMIF('UCD Breakdown 250701'!$A$827:$A$1469,'Summary Managed By CDL'!$A656,'UCD Breakdown 250701'!$AL$827:$AL$1469)+SUMIF('UCD Breakdown 250701'!$A$827:$A$1469,'Summary Managed By CDL'!$A656,'UCD Breakdown 250701'!$AM$827:$AM$1469)+SUMIF('UCD Breakdown 250701'!$A$827:$A$1469,'Summary Managed By CDL'!$A656,'UCD Breakdown 250701'!$AN$827:$AN$1469)+SUMIF('UCD Breakdown 250701'!$A$827:$A$1469,'Summary Managed By CDL'!$A656,'UCD Breakdown 250701'!$AO$827:$AO$1469) -> 0 | F656: =SUMIF('UCD Breakdown 260701'!$A$334:$A$648, $A656,'UCD Breakdown 260701'!$C$334:$C$648) -> 4 | G656: =F656-E656 -> 4 | H656: =if(and(B656>0,C656=0),"Dropped", if(and(B656=0,C656>0), "New this year",if(SUM(B656:C656)=0, "Not managed for this campus by CDL","Still Available"))) -> New this year

Sheet Summary Managed By UCD
B1: HOLDINGS | E1: TITLES | H1: NOTES
A2: Electronic Collection.Electronic Collection Interface Name | B2: 45839 | C2: 46204 | D2: Change (Jul 2026 - Jul 2025) | E2: 45839 | F2: 46204 | G2: Change (Jul 2026 - Jul 2025)
A3: TOTAL | B3: =SUM(B4:B879) -> 1392187 | C3: =SUM(C4:C879) -> 1339643 | D3: =C3-B3 -> -52544 | E3: =SUM(E4:E879) -> 1269032 | F3: =SUM(F4:F879) -> 1206374 | G3: =F3-E3 -> -62658 | H3: Status | I3: Notes and explanations from UCD
B4: =SUMIF('UCD Breakdown 250701'!$A$104:$A$746,"",'UCD Breakdown 250701'!$O$104:$O$746)+SUMIF('UCD Breakdown 250701'!$A$104:$A$746,"",'UCD Breakdown 250701'!$P$104:$P$746)+SUMIF('UCD Breakdown 250701'!$A$104:$A$746,"",'UCD Breakdown 250701'!$Q$104:$Q$746)+SUMIF('UCD Breakdown 250701'!$A$104:$A$746,"",'UCD Breakdown 250701'!$R$104:$R$746)+SUMIF('UCD Breakdown 250701'!$A$104:$A$746,"",'UCD Breakdown 250701'!$AW$104:$AW$746)+SUMIF('UCD Breakdown 250701'!$A$104:$A$746,"",'UCD Breakdown 250701'!$AX$104:$AX$746) -> 4061 | C4: =SUMIF('UCD Breakdown 260701'!$A$9:$A$323, "",'UCD Breakdown 260701'!$F$9:$F$323) -> 4035 | D4: =C4-B4 -> -26 | E4: =SUMIF('UCD Breakdown 250701'!$A$827:$A$1469,"",'UCD Breakdown 250701'!$O$827:$O$1469)+SUMIF('UCD Breakdown 250701'!$A$827:$A$1469,"",'UCD Breakdown 250701'!$P$827:$P$1469)+SUMIF('UCD Breakdown 250701'!$A$827:$A$1469,"",'UCD Breakdown 250701'!$Q$827:$Q$1469)+SUMIF('UCD Breakdown 250701'!$A$827:$A$1469,"",'UCD Breakdown 250701'!$R$827:$R$1469)+SUMIF('UCD Breakdown 250701'!$A$827:$A$1469,"",'UCD Breakdown 250701'!$AW$827:$AW$1469)+SUMIF('UCD Breakdown 250701'!$A$827:$A$1469,"",'UCD Breakdown 250701'!$AX$827:$AX$1469) -> 3939 | F4: =sumif('UCD Breakdown 260701'!$A$334:$A$648, "",'UCD Breakdown 260701'!$F$334:$F$648) -> 3913 | G4: =F4-E4 -> -26 | H4: =if(and(B4>0,C4=0),"Dropped", if(and(B4=0,C4>0), "New this year",if(SUM(B4:C4)=0, "Not managed by this campus","Still Available"))) -> Still Available
A5: AAPG DataPages | B5: =SUMIF('UCD Breakdown 250701'!$A$104:$A$746,'Summary Managed By UCD'!$A5,'UCD Breakdown 250701'!$O$104:$O$746)+SUMIF('UCD Breakdown 250701'!$A$104:$A$746,'Summary Managed By UCD'!$A5,'UCD Breakdown 250701'!$P$104:$P$746)+SUMIF('UCD Breakdown 250701'!$A$104:$A$746,'Summary Managed By UCD'!$A5,'UCD Breakdown 250701'!$Q$104:$Q$746)+SUMIF('UCD Breakdown 250701'!$A$104:$A$746,'Summary Managed By UCD'!$A5,'UCD Breakdown 250701'!$R$104:$R$746)+SUMIF('UCD Breakdown 250701'!$A$104:$A$746,'Summary Managed By UCD'!$A5,'UCD Breakdown 250701'!$AW$104:$AW$746)+SUMIF('UCD Breakdown 250701'!$A$104:$A$746,'Summary Managed By UCD'!$A5,'UCD Breakdown 250701'!$AX$104:$AX$746) -> 10 | C5: =SUMIF('UCD Breakdown 260701'!$A$9:$A$323, $A5,'UCD Breakdown 260701'!$F$9:$F$323) -> 10 | D5: =C5-B5 -> 0 | E5: =SUMIF('UCD Breakdown 250701'!$A$827:$A$1469,'Summary Managed By UCD'!$A5,'UCD Breakdown 250701'!$O$827:$O$1469)+SUMIF('UCD Breakdown 250701'!$A$827:$A$1469,'Summary Managed By UCD'!$A5,'UCD Breakdown 250701'!$P$827:$P$1469)+SUMIF('UCD Breakdown 250701'!$A$827:$A$1469,'Summary Managed By UCD'!$A5,'UCD Breakdown 250701'!$Q$827:$Q$1469)+SUMIF('UCD Breakdown 250701'!$A$827:$A$1469,'Summary Managed By UCD'!$A5,'UCD Breakdown 250701'!$R$827:$R$1469)+SUMIF('UCD Breakdown 250701'!$A$827:$A$1469,'Summary Managed By UCD'!$A5,'UCD Breakdown 250701'!$AW$827:$AW$1469)+SUMIF('UCD Breakdown 250701'!$A$827:$A$1469,'Summary Managed By UCD'!$A5,'UCD Breakdown 250701'!$AX$827:$AX$1469) -> 10 | F5: =sumif('UCD Breakdown 260701'!$A$334:$A$648, $A5,'UCD Breakdown 260701'!$F$334:$F$648) -> 10 | G5: =F5-E5 -> 0 | H5: =if(and(B5>0,C5=0),"Dropped", if(and(B5=0,C5>0), "New this year",if(SUM(B5:C5)=0, "Not managed by this campus","Still Available"))) -> Still Available
A6: ACM Digital Library | B6: =SUMIF('UCD Breakdown 250701'!$A$104:$A$746,'Summary Managed By UCD'!$A6,'UCD Breakdown 250701'!$O$104:$O$746)+SUMIF('UCD Breakdown 250701'!$A$104:$A$746,'Summary Managed By UCD'!$A6,'UCD Breakdown 250701'!$P$104:$P$746)+SUMIF('UCD Breakdown 250701'!$A$104:$A$746,'Summary Managed By UCD'!$A6,'UCD Breakdown 250701'!$Q$104:$Q$746)+SUMIF('UCD Breakdown 250701'!$A$104:$A$746,'Summary Managed By UCD'!$A6,'UCD Breakdown 250701'!$R$104:$R$746)+SUMIF('UCD Breakdown 250701'!$A$104:$A$746,'Summary Managed By UCD'!$A6,'UCD Breakdown 250701'!$AW$104:$AW$746)+SUMIF('UCD Breakdown 250701'!$A$104:$A$746,'Summary Managed By UCD'!$A6,'UCD Breakdown 250701'!$AX$104:$AX$746) -> 0 | C6: =SUMIF('UCD Breakdown 260701'!$A$9:$A$323, $A6,'UCD Breakdown 260701'!$F$9:$F$323) -> 0 | D6: =C6-B6 -> 0 | E6: =SUMIF('UCD Breakdown 250701'!$A$827:$A$1469,'Summary Managed By UCD'!$A6,'UCD Breakdown 250701'!$O$827:$O$1469)+SUMIF('UCD Breakdown 250701'!$A$827:$A$1469,'Summary Managed By UCD'!$A6,'UCD Breakdown 250701'!$P$827:$P$1469)+SUMIF('UCD Breakdown 250701'!$A$827:$A$1469,'Summary Managed By UCD'!$A6,'UCD Breakdown 250701'!$Q$827:$Q$1469)+SUMIF('UCD Breakdown 250701'!$A$827:$A$1469,'Summary Managed By UCD'!$A6,'UCD Breakdown 250701'!$R$827:$R$1469)+SUMIF('UCD Breakdown 250701'!$A$827:$A$1469,'Summary Managed By UCD'!$A6,'UCD Breakdown 250701'!$AW$827:$AW$1469)+SUMIF('UCD Breakdown 250701'!$A$827:$A$1469,'Summary Managed By UCD'!$A6,'UCD Breakdown 250701'!$AX$827:$AX$1469) -> 0 | F6: =sumif('UCD Breakdown 260701'!$A$334:$A$648, $A6,'UCD Breakdown 260701'!$F$334:$F$648) -> 0 | G6: =F6-E6 -> 0 | H6: =if(and(B6>0,C6=0),"Dropped", if(and(B6=0,C6>0), "New this year",if(SUM(B6:C6)=0, "Not managed by this campus","Still Available"))) -> Not managed by this campus
A7: AIAA Aerospace Research Central | B7: =SUMIF('UCD Breakdown 250701'!$A$104:$A$746,'Summary Managed By UCD'!$A7,'UCD Breakdown 250701'!$O$104:$O$746)+SUMIF('UCD Breakdown 250701'!$A$104:$A$746,'Summary Managed By UCD'!$A7,'UCD Breakdown 250701'!$P$104:$P$746)+SUMIF('UCD Breakdown 250701'!$A$104:$A$746,'Summary Managed By UCD'!$A7,'UCD Breakdown 250701'!$Q$104:$Q$746)+SUMIF('UCD Breakdown 250701'!$A$104:$A$746,'Summary Managed By UCD'!$A7,'UCD Breakdown 250701'!$R$104:$R$746)+SUMIF('UCD Breakdown 250701'!$A$104:$A$746,'Summary Managed By UCD'!$A7,'UCD Breakdown 250701'!$AW$104:$AW$746)+SUMIF('UCD Breakdown 250701'!$A$104:$A$746,'Summary Managed By UCD'!$A7,'UCD Breakdown 250701'!$AX$104:$AX$746) -> 1223 | C7: =SUMIF('UCD Breakdown 260701'!$A$9:$A$323, $A7,'UCD Breakdown 260701'!$F$9:$F$323) -> 1229 | D7: =C7-B7 -> 6 | E7: =SUMIF('UCD Breakdown 250701'!$A$827:$A$1469,'Summary Managed By UCD'!$A7,'UCD Breakdown 250701'!$O$827:$O$1469)+SUMIF('UCD Breakdown 250701'!$A$827:$A$1469,'Summary Managed By UCD'!$A7,'UCD Breakdown 250701'!$P$827:$P$1469)+SUMIF('UCD Breakdown 250701'!$A$827:$A$1469,'Summary Managed By UCD'!$A7,'UCD Breakdown 250701'!$Q$827:$Q$1469)+SUMIF('UCD Breakdown 250701'!$A$827:$A$1469,'Summary Managed By UCD'!$A7,'UCD Breakdown 250701'!$R$827:$R$1469)+SUMIF('UCD Breakdown 250701'!$A$827:$A$1469,'Summary Managed By UCD'!$A7,'UCD Breakdown 250701'!$AW$827:$AW$1469)+SUMIF('UCD Breakdown 250701'!$A$827:$A$1469,'Summary Managed By UCD'!$A7,'UCD Breakdown 250701'!$AX$827:$AX$1469) -> 1150 | F7: =sumif('UCD Breakdown 260701'!$A$334:$A$648, $A7,'UCD Breakdown 260701'!$F$334:$F$648) -> 1156 | G7: =F7-E7 -> 6 | H7: =if(and(B7>0,C7=0),"Dropped", if(and(B7=0,C7>0), "New this year",if(SUM(B7:C7)=0, "Not managed by this campus","Still Available"))) -> Still Available
A8: AIP Publishing | B8: =SUMIF('UCD Breakdown 250701'!$A$104:$A$746,'Summary Managed By UCD'!$A8,'UCD Breakdown 250701'!$O$104:$O$746)+SUMIF('UCD Breakdown 250701'!$A$104:$A$746,'Summary Managed By UCD'!$A8,'UCD Breakdown 250701'!$P$104:$P$746)+SUMIF('UCD Breakdown 250701'!$A$104:$A$746,'Summary Managed By UCD'!$A8,'UCD Breakdown 250701'!$Q$104:$Q$746)+SUMIF('UCD Breakdown 250701'!$A$104:$A$746,'Summary Managed By UCD'!$A8,'UCD Breakdown 250701'!$R$104:$R$746)+SUMIF('UCD Breakdown 250701'!$A$104:$A$746,'Summary Managed By UCD'!$A8,'UCD Breakdown 250701'!$AW$104:$AW$746)+SUMIF('UCD Breakdown 250701'!$A$104:$A$746,'Summary Managed By UCD'!$A8,'UCD Breakdown 250701'!$AX$104:$AX$746) -> 2 | C8: =SUMIF('UCD Breakdown 260701'!$A$9:$A$323, $A8,'UCD Breakdown 260701'!$F$9:$F$323) -> 2 | D8: =C8-B8 -> 0 | E8: =SUMIF('UCD Breakdown 250701'!$A$827:$A$1469,'Summary Managed By UCD'!$A8,'UCD Breakdown 250701'!$O$827:$O$1469)+SUMIF('UCD Breakdown 250701'!$A$827:$A$1469,'Summary Managed By UCD'!$A8,'UCD Breakdown 250701'!$P$827:$P$1469)+SUMIF('UCD Breakdown 250701'!$A$827:$A$1469,'Summary Managed By UCD'!$A8,'UCD Breakdown 250701'!$Q$827:$Q$1469)+SUMIF('UCD Breakdown 250701'!$A$827:$A$1469,'Summary Managed By UCD'!$A8,'UCD Breakdown 250701'!$R$827:$R$1469)+SUMIF('UCD Breakdown 250701'!$A$827:$A$1469,'Summary Managed By UCD'!$A8,'UCD Breakdown 250701'!$AW$827:$AW$1469)+SUMIF('UCD Breakdown 250701'!$A$827:$A$1469,'Summary Managed By UCD'!$A8,'UCD Breakdown 250701'!$AX$827:$AX$1469) -> 2 | F8: =sumif('UCD Breakdown 260701'!$A$334:$A$648, $A8,'UCD Breakdown 260701'!$F$334:$F$648) -> 2 | G8: =F8-E8 -> 0 | H8: =if(and(B8>0,C8=0),"Dropped", if(and(B8=0,C8>0), "New this year",if(SUM(B8:C8)=0, "Not managed by this campus","Still Available"))) -> Still Available
A9: AIP Scitation | B9: =SUMIF('UCD Breakdown 250701'!$A$104:$A$746,'Summary Managed By UCD'!$A9,'UCD Breakdown 250701'!$O$104:$O$746)+SUMIF('UCD Breakdown 250701'!$A$104:$A$746,'Summary Managed By UCD'!$A9,'UCD Breakdown 250701'!$P$104:$P$746)+SUMIF('UCD Breakdown 250701'!$A$104:$A$746,'Summary Managed By UCD'!$A9,'UCD Breakdown 250701'!$Q$104:$Q$746)+SUMIF('UCD Breakdown 250701'!$A$104:$A$746,'Summary Managed By UCD'!$A9,'UCD Breakdown 250701'!$R$104:$R$746)+SUMIF('UCD Breakdown 250701'!$A$104:$A$746,'Summary Managed By UCD'!$A9,'UCD Breakdown 250701'!$AW$104:$AW$746)+SUMIF('UCD Breakdown 250701'!$A$104:$A$746,'Summary Managed By UCD'!$A9,'UCD Breakdown 250701'!$AX$104:$AX$746) -> 0 | C9: =SUMIF('UCD Breakdown 260701'!$A$9:$A$323, $A9,'UCD Breakdown 260701'!$F$9:$F$323) -> 0 | D9: =C9-B9 -> 0 | E9: =SUMIF('UCD Breakdown 250701'!$A$827:$A$1469,'Summary Managed By UCD'!$A9,'UCD Breakdown 250701'!$O$827:$O$1469)+SUMIF('UCD Breakdown 250701'!$A$827:$A$1469,'Summary Managed By UCD'!$A9,'UCD Breakdown 250701'!$P$827:$P$1469)+SUMIF('UCD Breakdown 250701'!$A$827:$A$1469,'Summary Managed By UCD'!$A9,'UCD Breakdown 250701'!$Q$827:$Q$1469)+SUMIF('UCD Breakdown 250701'!$A$827:$A$1469,'Summary Managed By UCD'!$A9,'UCD Breakdown 250701'!$R$827:$R$1469)+SUMIF('UCD Breakdown 250701'!$A$827:$A$1469,'Summary Managed By UCD'!$A9,'UCD Breakdown 250701'!$AW$827:$AW$1469)+SUMIF('UCD Breakdown 250701'!$A$827:$A$1469,'Summary Managed By UCD'!$A9,'UCD Breakdown 250701'!$AX$827:$AX$1469) -> 0 | F9: =sumif('UCD Breakdown 260701'!$A$334:$A$648, $A9,'UCD Breakdown 260701'!$F$334:$F$648) -> 0 | G9: =F9-E9 -> 0 | H9: =if(and(B9>0,C9=0),"Dropped", if(and(B9=0,C9>0), "New this year",if(SUM(B9:C9)=0, "Not managed by this campus","Still Available"))) -> Not managed by this campus
A10: AJOL | B10: =SUMIF('UCD Breakdown 250701'!$A$104:$A$746,'Summary Managed By UCD'!$A10,'UCD Breakdown 250701'!$O$104:$O$746)+SUMIF('UCD Breakdown 250701'!$A$104:$A$746,'Summary Managed By UCD'!$A10,'UCD Breakdown 250701'!$P$104:$P$746)+SUMIF('UCD Breakdown 250701'!$A$104:$A$746,'Summary Managed By UCD'!$A10,'UCD Breakdown 250701'!$Q$104:$Q$746)+SUMIF('UCD Breakdown 250701'!$A$104:$A$746,'Summary Managed By UCD'!$A10,'UCD Breakdown 250701'!$R$104:$R$746)+SUMIF('UCD Breakdown 250701'!$A$104:$A$746,'Summary Managed By UCD'!$A10,'UCD Breakdown 250701'!$AW$104:$AW$746)+SUMIF('UCD Breakdown 250701'!$A$104:$A$746,'Summary Managed By UCD'!$A10,'UCD Breakdown 250701'!$AX$104:$AX$746) -> 1 | C10: =SUMIF('UCD Breakdown 260701'!$A$9:$A$323, $A10,'UCD Breakdown 260701'!$F$9:$F$323) -> 1 | D10: =C10-B10 -> 0 | E10: =SUMIF('UCD Breakdown 250701'!$A$827:$A$1469,'Summary Managed By UCD'!$A10,'UCD Breakdown 250701'!$O$827:$O$1469)+SUMIF('UCD Breakdown 250701'!$A$827:$A$1469,'Summary Managed By UCD'!$A10,'UCD Breakdown 250701'!$P$827:$P$1469)+SUMIF('UCD Breakdown 250701'!$A$827:$A$1469,'Summary Managed By UCD'!$A10,'UCD Breakdown 250701'!$Q$827:$Q$1469)+SUMIF('UCD Breakdown 250701'!$A$827:$A$1469,'Summary Managed By UCD'!$A10,'UCD Breakdown 250701'!$R$827:$R$1469)+SUMIF('UCD Breakdown 250701'!$A$827:$A$1469,'Summary Managed By UCD'!$A10,'UCD Breakdown 250701'!$AW$827:$AW$1469)+SUMIF('UCD Breakdown 250701'!$A$827:$A$1469,'Summary Managed By UCD'!$A10,'UCD Breakdown 250701'!$AX$827:$AX$1469) -> 1 | F10: =sumif('UCD Breakdown 260701'!$A$334:$A$648, $A10,'UCD Breakdown 260701'!$F$334:$F$648) -> 1 | G10: =F10-E10 -> 0 | H10: =if(and(B10>0,C10=0),"Dropped", if(and(B10=0,C10>0), "New this year",if(SUM(B10:C10)=0, "Not managed by this campus","Still Available"))) -> Still Available
A11: AM (Adam Matthew) | B11: =SUMIF('UCD Breakdown 250701'!$A$104:$A$746,'Summary Managed By UCD'!$A11,'UCD Breakdown 250701'!$O$104:$O$746)+SUMIF('UCD Breakdown 250701'!$A$104:$A$746,'Summary Managed By UCD'!$A11,'UCD Breakdown 250701'!$P$104:$P$746)+SUMIF('UCD Breakdown 250701'!$A$104:$A$746,'Summary Managed By UCD'!$A11,'UCD Breakdown 250701'!$Q$104:$Q$746)+SUMIF('UCD Breakdown 250701'!$A$104:$A$746,'Summary Managed By UCD'!$A11,'UCD Breakdown 250701'!$R$104:$R$746)+SUMIF('UCD Breakdown 250701'!$A$104:$A$746,'Summary Managed By UCD'!$A11,'UCD Breakdown 250701'!$AW$104:$AW$746)+SUMIF('UCD Breakdown 250701'!$A$104:$A$746,'Summary Managed By UCD'!$A11,'UCD Breakdown 250701'!$AX$104:$AX$746) -> 52687 | C11: =SUMIF('UCD Breakdown 260701'!$A$9:$A$323, $A11,'UCD Breakdown 260701'!$F$9:$F$323) -> 52683 | D11: =C11-B11 -> -4 | E11: =SUMIF('UCD Breakdown 250701'!$A$827:$A$1469,'Summary Managed By UCD'!$A11,'UCD Breakdown 250701'!$O$827:$O$1469)+SUMIF('UCD Breakdown 250701'!$A$827:$A$1469,'Summary Managed By UCD'!$A11,'UCD Breakdown 250701'!$P$827:$P$1469)+SUMIF('UCD Breakdown 250701'!$A$827:$A$1469,'Summary Managed By UCD'!$A11,'UCD Breakdown 250701'!$Q$827:$Q$1469)+SUMIF('UCD Breakdown 250701'!$A$827:$A$1469,'Summary Managed By UCD'!$A11,'UCD Breakdown 250701'!$R$827:$R$1469)+SUMIF('UCD Breakdown 250701'!$A$827:$A$1469,'Summary Managed By UCD'!$A11,'UCD Breakdown 250701'!$AW$827:$AW$1469)+SUMIF('UCD Breakdown 250701'!$A$827:$A$1469,'Summary Managed By UCD'!$A11,'UCD Breakdown 250701'!$AX$827:$AX$1469) -> 51551 | F11: =sumif('UCD Breakdown 260701'!$A$334:$A$648, $A11,'UCD Breakdown 260701'!$F$334:$F$648) -> 51547 | G11: =F11-E11 -> -4 | H11: =if(and(B11>0,C11=0),"Dropped", if(and(B11=0,C11>0), "New this year",if(SUM(B11:C11)=0, "Not managed by this campus","Still Available"))) -> Still Available
A12: ANU Press eTEXT | B12: =SUMIF('UCD Breakdown 250701'!$A$104:$A$746,'Summary Managed By UCD'!$A12,'UCD Breakdown 250701'!$O$104:$O$746)+SUMIF('UCD Breakdown 250701'!$A$104:$A$746,'Summary Managed By UCD'!$A12,'UCD Breakdown 250701'!$P$104:$P$746)+SUMIF('UCD Breakdown 250701'!$A$104:$A$746,'Summary Managed By UCD'!$A12,'UCD Breakdown 250701'!$Q$104:$Q$746)+SUMIF('UCD Breakdown 250701'!$A$104:$A$746,'Summary Managed By UCD'!$A12,'UCD Breakdown 250701'!$R$104:$R$746)+SUMIF('UCD Breakdown 250701'!$A$104:$A$746,'Summary Managed By UCD'!$A12,'UCD Breakdown 250701'!$AW$104:$AW$746)+SUMIF('UCD Breakdown 250701'!$A$104:$A$746,'Summary Managed By UCD'!$A12,'UCD Breakdown 250701'!$AX$104:$AX$746) -> 0 | C12: =SUMIF('UCD Breakdown 260701'!$A$9:$A$323, $A12,'UCD Breakdown 260701'!$F$9:$F$323) -> 0 | D12: =C12-B12 -> 0 | E12: =SUMIF('UCD Breakdown 250701'!$A$827:$A$1469,'Summary Managed By UCD'!$A12,'UCD Breakdown 250701'!$O$827:$O$1469)+SUMIF('UCD Breakdown 250701'!$A$827:$A$1469,'Summary Managed By UCD'!$A12,'UCD Breakdown 250701'!$P$827:$P$1469)+SUMIF('UCD Breakdown 250701'!$A$827:$A$1469,'Summary Managed By UCD'!$A12,'UCD Breakdown 250701'!$Q$827:$Q$1469)+SUMIF('UCD Breakdown 250701'!$A$827:$A$1469,'Summary Managed By UCD'!$A12,'UCD Breakdown 250701'!$R$827:$R$1469)+SUMIF('UCD Breakdown 250701'!$A$827:$A$1469,'Summary Managed By UCD'!$A12,'UCD Breakdown 250701'!$AW$827:$AW$1469)+SUMIF('UCD Breakdown 250701'!$A$827:$A$1469,'Summary Managed By UCD'!$A12,'UCD Breakdown 250701'!$AX$827:$AX$1469) -> 0 | F12: =sumif('UCD Breakdown 260701'!$A$334:$A$648, $A12,'UCD Breakdown 260701'!$F$334:$F$648) -> 0 | G12: =F12-E12 -> 0 | H12: =if(and(B12>0,C12=0),"Dropped", if(and(B12=0,C12>0), "New this year",if(SUM(B12:C12)=0, "Not managed by this campus","Still Available"))) -> Not managed by this campus
A13: ARTstor | B13: =SUMIF('UCD Breakdown 250701'!$A$104:$A$746,'Summary Managed By UCD'!$A13,'UCD Breakdown 250701'!$O$104:$O$746)+SUMIF('UCD Breakdown 250701'!$A$104:$A$746,'Summary Managed By UCD'!$A13,'UCD Breakdown 250701'!$P$104:$P$746)+SUMIF('UCD Breakdown 250701'!$A$104:$A$746,'Summary Managed By UCD'!$A13,'UCD Breakdown 250701'!$Q$104:$Q$746)+SUMIF('UCD Breakdown 250701'!$A$104:$A$746,'Summary Managed By UCD'!$A13,'UCD Breakdown 250701'!$R$104:$R$746)+SUMIF('UCD Breakdown 250701'!$A$104:$A$746,'Summary Managed By UCD'!$A13,'UCD Breakdown 250701'!$AW$104:$AW$746)+SUMIF('UCD Breakdown 250701'!$A$104:$A$746,'Summary Managed By UCD'!$A13,'UCD Breakdown 250701'!$AX$104:$AX$746) -> 0 | C13: =SUMIF('UCD Breakdown 260701'!$A$9:$A$323, $A13,'UCD Breakdown 260701'!$F$9:$F$323) -> 0 | D13: =C13-B13 -> 0 | E13: =SUMIF('UCD Breakdown 250701'!$A$827:$A$1469,'Summary Managed By UCD'!$A13,'UCD Breakdown 250701'!$O$827:$O$1469)+SUMIF('UCD Breakdown 250701'!$A$827:$A$1469,'Summary Managed By UCD'!$A13,'UCD Breakdown 250701'!$P$827:$P$1469)+SUMIF('UCD Breakdown 250701'!$A$827:$A$1469,'Summary Managed By UCD'!$A13,'UCD Breakdown 250701'!$Q$827:$Q$1469)+SUMIF('UCD Breakdown 250701'!$A$827:$A$1469,'Summary Managed By UCD'!$A13,'UCD Breakdown 250701'!$R$827:$R$1469)+SUMIF('UCD Breakdown 250701'!$A$827:$A$1469,'Summary Managed By UCD'!$A13,'UCD Breakdown 250701'!$AW$827:$AW$1469)+SUMIF('UCD Breakdown 250701'!$A$827:$A$1469,'Summary Managed By UCD'!$A13,'UCD Breakdown 250701'!$AX$827:$AX$1469) -> 0 | F13: =sumif('UCD Breakdown 260701'!$A$334:$A$648, $A13,'UCD Breakdown 260701'!$F$334:$F$648) -> 0 | G13: =F13-E13 -> 0 | H13: =if(and(B13>0,C13=0),"Dropped", if(and(B13=0,C13>0), "New this year",if(SUM(B13:C13)=0, "Not managed by this campus","Still Available"))) -> Not managed by this campus
A14: ARVO Publishing | B14: =SUMIF('UCD Breakdown 250701'!$A$104:$A$746,'Summary Managed By UCD'!$A14,'UCD Breakdown 250701'!$O$104:$O$746)+SUMIF('UCD Breakdown 250701'!$A$104:$A$746,'Summary Managed By UCD'!$A14,'UCD Breakdown 250701'!$P$104:$P$746)+SUMIF('UCD Breakdown 250701'!$A$104:$A$746,'Summary Managed By UCD'!$A14,'UCD Breakdown 250701'!$Q$104:$Q$746)+SUMIF('UCD Breakdown 250701'!$A$104:$A$746,'Summary Managed By UCD'!$A14,'UCD Breakdown 250701'!$R$104:$R$746)+SUMIF('UCD Breakdown 250701'!$A$104:$A$746,'Summary Managed By UCD'!$A14,'UCD Breakdown 250701'!$AW$104:$AW$746)+SUMIF('UCD Breakdown 250701'!$A$104:$A$746,'Summary Managed By UCD'!$A14,'UCD Breakdown 250701'!$AX$104:$AX$746) -> 0 | C14: =SUMIF('UCD Breakdown 260701'!$A$9:$A$323, $A14,'UCD Breakdown 260701'!$F$9:$F$323) -> 0 | D14: =C14-B14 -> 0 | E14: =SUMIF('UCD Breakdown 250701'!$A$827:$A$1469,'Summary Managed By UCD'!$A14,'UCD Breakdown 250701'!$O$827:$O$1469)+SUMIF('UCD Breakdown 250701'!$A$827:$A$1469,'Summary Managed By UCD'!$A14,'UCD Breakdown 250701'!$P$827:$P$1469)+SUMIF('UCD Breakdown 250701'!$A$827:$A$1469,'Summary Managed By UCD'!$A14,'UCD Breakdown 250701'!$Q$827:$Q$1469)+SUMIF('UCD Breakdown 250701'!$A$827:$A$1469,'Summary Managed By UCD'!$A14,'UCD Breakdown 250701'!$R$827:$R$1469)+SUMIF('UCD Breakdown 250701'!$A$827:$A$1469,'Summary Managed By UCD'!$A14,'UCD Breakdown 250701'!$AW$827:$AW$1469)+SUMIF('UCD Breakdown 250701'!$A$827:$A$1469,'Summary Managed By UCD'!$A14,'UCD Breakdown 250701'!$AX$827:$AX$1469) -> 0 | F14: =sumif('UCD Breakdown 260701'!$A$334:$A$648, $A14,'UCD Breakdown 260701'!$F$334:$F$648) -> 0 | G14: =F14-E14 -> 0 | H14: =if(and(B14>0,C14=0),"Dropped", if(and(B14=0,C14>0), "New this year",if(SUM(B14:C14)=0, "Not managed by this campus","Still Available"))) -> Not managed by this campus
A15: ASCE Magazines | B15: =SUMIF('UCD Breakdown 250701'!$A$104:$A$746,'Summary Managed By UCD'!$A15,'UCD Breakdown 250701'!$O$104:$O$746)+SUMIF('UCD Breakdown 250701'!$A$104:$A$746,'Summary Managed By UCD'!$A15,'UCD Breakdown 250701'!$P$104:$P$746)+SUMIF('UCD Breakdown 250701'!$A$104:$A$746,'Summary Managed By UCD'!$A15,'UCD Breakdown 250701'!$Q$104:$Q$746)+SUMIF('UCD Breakdown 250701'!$A$104:$A$746,'Summary Managed By UCD'!$A15,'UCD Breakdown 250701'!$R$104:$R$746)+SUMIF('UCD Breakdown 250701'!$A$104:$A$746,'Summary Managed By UCD'!$A15,'UCD Breakdown 250701'!$AW$104:$AW$746)+SUMIF('UCD Breakdown 250701'!$A$104:$A$746,'Summary Managed By UCD'!$A15,'UCD Breakdown 250701'!$AX$104:$AX$746) -> 0 | C15: =SUMIF('UCD Breakdown 260701'!$A$9:$A$323, $A15,'UCD Breakdown 260701'!$F$9:$F$323) -> 0 | D15: =C15-B15 -> 0 | E15: =SUMIF('UCD Breakdown 250701'!$A$827:$A$1469,'Summary Managed By UCD'!$A15,'UCD Breakdown 250701'!$O$827:$O$1469)+SUMIF('UCD Breakdown 250701'!$A$827:$A$1469,'Summary Managed By UCD'!$A15,'UCD Breakdown 250701'!$P$827:$P$1469)+SUMIF('UCD Breakdown 250701'!$A$827:$A$1469,'Summary Managed By UCD'!$A15,'UCD Breakdown 250701'!$Q$827:$Q$1469)+SUMIF('UCD Breakdown 250701'!$A$827:$A$1469,'Summary Managed By UCD'!$A15,'UCD Breakdown 250701'!$R$827:$R$1469)+SUMIF('UCD Breakdown 250701'!$A$827:$A$1469,'Summary Managed By UCD'!$A15,'UCD Breakdown 250701'!$AW$827:$AW$1469)+SUMIF('UCD Breakdown 250701'!$A$827:$A$1469,'Summary Managed By UCD'!$A15,'UCD Breakdown 250701'!$AX$827:$AX$1469) -> 0 | F15: =sumif('UCD Breakdown 260701'!$A$334:$A$648, $A15,'UCD Breakdown 260701'!$F$334:$F$648) -> 0 | G15: =F15-E15 -> 0 | H15: =if(and(B15>0,C15=0),"Dropped", if(and(B15=0,C15>0), "New this year",if(SUM(B15:C15)=0, "Not managed by this campus","Still Available"))) -> Not managed by this campus
A16: ASM International | B16: =SUMIF('UCD Breakdown 250701'!$A$104:$A$746,'Summary Managed By UCD'!$A16,'UCD Breakdown 250701'!$O$104:$O$746)+SUMIF('UCD Breakdown 250701'!$A$104:$A$746,'Summary Managed By UCD'!$A16,'UCD Breakdown 250701'!$P$104:$P$746)+SUMIF('UCD Breakdown 250701'!$A$104:$A$746,'Summary Managed By UCD'!$A16,'UCD Breakdown 250701'!$Q$104:$Q$746)+SUMIF('UCD Breakdown 250701'!$A$104:$A$746,'Summary Managed By UCD'!$A16,'UCD Breakdown 250701'!$R$104:$R$746)+SUMIF('UCD Breakdown 250701'!$A$104:$A$746,'Summary Managed By UCD'!$A16,'UCD Breakdown 250701'!$AW$104:$AW$746)+SUMIF('UCD Breakdown 250701'!$A$104:$A$746,'Summary Managed By UCD'!$A16,'UCD Breakdown 250701'!$AX$104:$AX$746) -> 0 | C16: =SUMIF('UCD Breakdown 260701'!$A$9:$A$323, $A16,'UCD Breakdown 260701'!$F$9:$F$323) -> 0 | D16: =C16-B16 -> 0 | E16: =SUMIF('UCD Breakdown 250701'!$A$827:$A$1469,'Summary Managed By UCD'!$A16,'UCD Breakdown 250701'!$O$827:$O$1469)+SUMIF('UCD Breakdown 250701'!$A$827:$A$1469,'Summary Managed By UCD'!$A16,'UCD Breakdown 250701'!$P$827:$P$1469)+SUMIF('UCD Breakdown 250701'!$A$827:$A$1469,'Summary Managed By UCD'!$A16,'UCD Breakdown 250701'!$Q$827:$Q$1469)+SUMIF('UCD Breakdown 250701'!$A$827:$A$1469,'Summary Managed By UCD'!$A16,'UCD Breakdown 250701'!$R$827:$R$1469)+SUMIF('UCD Breakdown 250701'!$A$827:$A$1469,'Summary Managed By UCD'!$A16,'UCD Breakdown 250701'!$AW$827:$AW$1469)+SUMIF('UCD Breakdown 250701'!$A$827:$A$1469,'Summary Managed By UCD'!$A16,'UCD Breakdown 250701'!$AX$827:$AX$1469) -> 0 | F16: =sumif('UCD Breakdown 260701'!$A$334:$A$648, $A16,'UCD Breakdown 260701'!$F$334:$F$648) -> 0 | G16: =F16-E16 -> 0 | H16: =if(and(B16>0,C16=0),"Dropped", if(and(B16=0,C16>0), "New this year",if(SUM(B16:C16)=0, "Not managed by this campus","Still Available"))) -> Not managed by this campus
... A656: University of New Mexico | B656: =SUMIF('UCD Breakdown 250701'!$A$104:$A$746,'Summary Managed By UCD'!$A656,'UCD Breakdown 250701'!$O$104:$O$746)+SUMIF('UCD Breakdown 250701'!$A$104:$A$746,'Summary Managed By UCD'!$A656,'UCD Breakdown 250701'!$P$104:$P$746)+SUMIF('UCD Breakdown 250701'!$A$104:$A$746,'Summary Managed By UCD'!$A656,'UCD Breakdown 250701'!$Q$104:$Q$746)+SUMIF('UCD Breakdown 250701'!$A$104:$A$746,'Summary Managed By UCD'!$A656,'UCD Breakdown 250701'!$R$104:$R$746)+SUMIF('UCD Breakdown 250701'!$A$104:$A$746,'Summary Managed By UCD'!$A656,'UCD Breakdown 250701'!$AW$104:$AW$746)+SUMIF('UCD Breakdown 250701'!$A$104:$A$746,'Summary Managed By UCD'!$A656,'UCD Breakdown 250701'!$AX$104:$AX$746) -> 0 | C656: =SUMIF('UCD Breakdown 260701'!$A$9:$A$323, $A656,'UCD Breakdown 260701'!$F$9:$F$323) -> 0 | D656: =C656-B656 -> 0 | E656: =SUMIF('UCD Breakdown 250701'!$A$827:$A$1469,'Summary Managed By UCD'!$A656,'UCD Breakdown 250701'!$O$827:$O$1469)+SUMIF('UCD Breakdown 250701'!$A$827:$A$1469,'Summary Managed By UCD'!$A656,'UCD Breakdown 250701'!$P$827:$P$1469)+SUMIF('UCD Breakdown 250701'!$A$827:$A$1469,'Summary Managed By UCD'!$A656,'UCD Breakdown 250701'!$Q$827:$Q$1469)+SUMIF('UCD Breakdown 250701'!$A$827:$A$1469,'Summary Managed By UCD'!$A656,'UCD Breakdown 250701'!$R$827:$R$1469)+SUMIF('UCD Breakdown 250701'!$A$827:$A$1469,'Summary Managed By UCD'!$A656,'UCD Breakdown 250701'!$AW$827:$AW$1469)+SUMIF('UCD Breakdown 250701'!$A$827:$A$1469,'Summary Managed By UCD'!$A656,'UCD Breakdown 250701'!$AX$827:$AX$1469) -> 0 | F656: =sumif('UCD Breakdown 260701'!$A$334:$A$648, $A656,'UCD Breakdown 260701'!$F$334:$F$648) -> 0 | G656: =F656-E656 -> 0 | H656: =if(and(B656>0,C656=0),"Dropped", if(and(B656=0,C656>0), "New this year",if(SUM(B656:C656)=0, "Not managed by this campus","Still Available"))) -> Not managed by this campus

Sheet UCD - eResources Comparison (de
A1: UCD eResources Comparison Report
A2: Date run: 7/1/2026
A4: eResources include/exclude designator | B4: UCD eResources Managed By designator | C4: eResources Library Stats Category | D4: Electronic Collection Interface Name | E4: Holdings | F4: Titles
A5: Excluded | B5: Managed by CDL | C5: General | E5: 2253 | F5: 1931
A6: Excluded | B6: Managed by CDL | C6: General | D6: ACM Digital Library | E6: 290 | F6: 279
A7: Excluded | B7: Managed by CDL | C7: General | D7: AIP Publishing | E7: 44 | F7: 41
A8: Excluded | B8: Managed by CDL | C8: General | D8: AM (Adam Matthew) | E8: 2981 | F8: 2311
A9: Excluded | B9: Managed by CDL | C9: General | D9: ARTstor | E9: 1 | F9: 1
A10: Excluded | B10: Managed by CDL | C10: General | D10: ASM International | E10: 1 | F10: 1
A11: Excluded | B11: Managed by CDL | C11: General | D11: ASME Digital Collection | E11: 1115 | F11: 1080
A12: Excluded | B12: Managed by CDL | C12: General | D12: ASTM International | E12: 149 | F12: 118
A13: Excluded | B13: Managed by CDL | C13: General | D13: Accessible Archives | E13: 1 | F13: 1
A14: Excluded | B14: Managed by CDL | C14: General | D14: AgZines Free | E14: 4 | F14: 4
A15: Excluded | B15: Managed by CDL | C15: General | D15: Airiti Inc. | E15: 11948 | F15: 11232
A16: Excluded | B16: Managed by CDL | C16: General | D16: Alexander Street | E16: 270 | F16: 208
A17: Excluded | B17: Managed by CDL | C17: General | D17: All China Marketing Research Co., Ltd (ACMR) | E17: 1 | F17: 1
... A224: Excluded | B224: Managed by CDL | C224: General | D224: 国家哲学社会科学文献中心 (National Center for Philosophy and Social Sciences Documentation) | E224: 1 | F224: 1
A225: Excluded | B225: Managed by UCD | C225: General | E225: 12888 | F225: 11723
A226: Excluded | B226: Managed by UCD | C226: General | D226: ACM Digital Library | E226: 1 | F226: 1
A227: Excluded | B227: Managed by UCD | C227: General | D227: AIAA Aerospace Research Central | E227: 5 | F227: 5
A228: Excluded | B228: Managed by UCD | C228: General | D228: AIP Publishing | E228: 1 | F228: 1
A229: Excluded | B229: Managed by UCD | C229: General | D229: AIP Scitation | E229: 1 | F229: 1
A230: Excluded | B230: Managed by UCD | C230: General | D230: AM (Adam Matthew) | E230: 75313 | F230: 55118
A231: Excluded | B231: Managed by UCD | C231: General | D231: ANU Press eTEXT | E231: 1 | F231: 1
A232: Excluded | B232: Managed by UCD | C232: General | D232: ARVO Publishing | E232: 1 | F232: 1
A233: Excluded | B233: Managed by UCD | C233: General | D233: ASME Digital Collection | E233: 2922 | F233: 2498
A234: Excluded | B234: Managed by UCD | C234: General | D234: ASTM Standards and Engineering Digital Library | E234: 139 | F234: 139
A235: Excluded | B235: Managed by UCD | C235: General | D235: Accessible Archives | E235: 221 | F235: 202
A236: Excluded | B236: Managed by UCD | C236: General | D236: Adam Matthew Digital | E236: 6060 | F236: 5842
A237: Excluded | B237: Managed by UCD | C237: General | D237: Akademiai Kiado | E237: 2 | F237: 1
... A727: Excluded | B727: Managed by UCD | C727: General | D727: switzerland national licences | E727: 1 | F727: 1
A728: Excluded | B728: Managed by UCD | C728: Law | E728: 36 | F728: 35
A729: Excluded | B729: Managed by UCD | C729: Law | D729: Hein Online | E729: 2 | F729: 1
A730: Excluded | B730: Managed by UCD | C730: Law | D730: Lexis Digital Library | E730: 1 | F730: 1
A731: Excluded | B731: Managed by UCD | C731: Law | D731: None | E731: 13 | F731: 13
A732: Excluded | B732: Managed by UCD | C732: Law | D732: U.S. Government Publishing Office (US GPO) | E732: 1 | F732: 1
A733: Excluded | B733: Managed by UCD | C733: Law | D733: VitalLaw | E733: 81 | F733: 81
A734: Included | B734: Managed by CDL | C734: General | E734: 1 | F734: 1
A735: Included | B735: Managed by CDL | C735: General | D735: ACM Digital Library | E735: 16016 | F735: 15274
A736: Included | B736: Managed by CDL | C736: General | D736: AIP Publishing | E736: 3517 | F736: 3490
A737: Included | B737: Managed by CDL | C737: General | D737: AM (Adam Matthew) | E737: 17175 | F737: 17175
A738: Included | B738: Managed by CDL | C738: General | D738: ASCE Magazines | E738: 2 | F738: 2
A739: Included | B739: Managed by CDL | C739: General | D739: ASME Digital Collection | E739: 2843 | F739: 2794
A740: Included | B740: Managed by CDL | C740: General | D740: ASTM International | E740: 1726 | F740: 1707
A741: Included | B741: Managed by CDL | C741: General | D741: AgZines Free | E741: 65 | F741: 65
A742: Included | B742: Managed by CDL | C742: General | D742: Airiti Inc. | E742: 2556 | F742: 2335
A743: Included | B743: Managed by CDL | C743: General | D743: Alexander Street | E743: 20872 | F743: 18250
A744: Included | B744: Managed by CDL | C744: General | D744: American Academy of Pediatrics | E744: 14 | F744: 14
A745: Included | B745: Managed by CDL | C745: General | D745: American Association for Cancer Research | E745: 15 | F745: 15
A746: Included | B746: Managed by CDL | C746: General | D746: American Association for the Advancement of Science | E746: 5 | F746: 5
... A896: Included | B896: Managed by CDL | C896: General | D896: 国家哲学社会科学文献中心 (National Center for Philosophy and Social Sciences Documentation) | E896: 3232 | F896: 3040
A897: Included | B897: Managed by UCD | C897: General | E897: 4033 | F897: 3911
A898: Included | B898: Managed by UCD | C898: General | D898: AAPG DataPages | E898: 10 | F898: 10
A899: Included | B899: Managed by UCD | C899: General | D899: AIAA Aerospace Research Central | E899: 1229 | F899: 1156
A900: Included | B900: Managed by UCD | C900: General | D900: AIP Publishing | E900: 2 | F900: 2
A901: Included | B901: Managed by UCD | C901: General | D901: AJOL | E901: 1 | F901: 1
A902: Included | B902: Managed by UCD | C902: General | D902: AM (Adam Matthew) | E902: 52683 | F902: 51547
A903: Included | B903: Managed by UCD | C903: General | D903: ASME Digital Collection | E903: 1601 | F903: 1583
A904: Included | B904: Managed by UCD | C904: General | D904: Academia Sinica | E904: 1 | F904: 1
A905: Included | B905: Managed by UCD | C905: General | D905: Adam Matthew Digital | E905: 3546 | F905: 3546
A906: Included | B906: Managed by UCD | C906: General | D906: AgEcon Search Free | E906: 5 | F906: 5
A907: Included | B907: Managed by UCD | C907: General | D907: Akademiai Kiado | E907: 3 | F907: 3
A908: Included | B908: Managed by UCD | C908: General | D908: Alexander Street | E908: 77559 | F908: 77162
A909: Included | B909: Managed by UCD | C909: General | D909: Allen Press | E909: 12 | F909: 12
... A1143: Included | B1143: Managed by UCD | C1143: General | D1143: World Scientific Publishing | E1143: 402 | F1143: 392
A1144: Included | B1144: Managed by UCD | C1144: Law | E1144: 2 | F1144: 2
A1145: Included | B1145: Managed by UCD | C1145: Law | D1145: EBSCOhost | E1145: 1 | F1145: 1
A1146: Included | B1146: Managed by UCD | C1146: Law | D1146: Mit_Press | E1146: 1 | F1146: 1
A1147: Included | B1147: Managed by UCD | C1147: Law | D1147: None | E1147: 2 | F1147: 2
A1148: Included | B1148: Managed by UCD | C1148: Law | D1148: Oxford University Press | E1148: 2 | F1148: 2
A1149: Included | B1149: Managed by UCD | C1149: Law | D1149: U.S. Government Publishing Office (US GPO) | E1149: 1 | F1149: 1

Sheet UCD Breakdown 260701
A1: UCD eResources Comparison Report - pivot tables
A2: Date run: 7/1/2026
A4: Holdings
A329: Titles

Sheet UCD Breakdown 250701
A1: University of California Davis
A2: Schedule A - Electronic Holdings Total v. Title Count (DDAs included) (without filters in criteria) displaying all exclusions at University of California Davis (without ARL or ACRL or IPEDS)
A3: Electronic Portfolios Only
A4: Date run: 7/1/2025
A6: eResource Holdings and Titles, Including DDA, By UCD and Resource Type (as of July 2024)
A7: Date run: 7/1/2025
A9: Purpose: To report overall total holding and title counts.
A10: Elements: Institution Name x Resource Type x Lifecycle x Portfolio Id/Title (Normalized) x Electronic Collection Public Name x Electronic Collection Public Name (override) x Proquest Purchase Model
A11: Notes:
A12: Counts toward "Unknown if DDA" and "Unknown Purchase Status DDA" resulted due to lack of metadata, including Electronic Collection Public Name, Proquest Purchase Model, and acquisition data (not all purchase orders are managed in ExLibris product, and many purchase orders in Alma are unpaid).
A13: Trial items excluded from counts.
A14: Only items that are active are accounted for and displayed.
A15: TOTAL = 'Purchased DDA'+'Unknown Purchase Status DDA'+'Unknown if DDA'+'eResources (excl. DDA)'
C17: Holdings | F17: Titles
B18: Institution Name | C18: Excluded | D18: Included | E18: Total Records in System | F18: Excluded | G18: Included | H18: Total Records in System
B19: Available at UCD | C19: =SUMIFS(34:34,$28:$28,C$18,$29:$29,"<>Total")+SUMIFS(32:32,$28:$28,C$18,$29:$29,"<>Total") -> 2746601 | D19: =SUMIFS(34:34,$28:$28,D$18,$29:$29,"<>Total")+SUMIFS(32:32,$28:$28,D$18,$29:$29,"<>Total") -> 1392187 | E19: =SUM(C19:D19) -> 4138788 | F19: =SUMIFS(755:755,$28:$28,F$18,$29:$29,"<>Total")+SUMIFS(757:757,$28:$28,F$18,$29:$29,"<>Total") -> 2350300 | G19: =SUMIFS(755:755,$28:$28,G$18,$29:$29,"<>Total")+SUMIFS(757:757,$28:$28,G$18,$29:$29,"<>Total") -> 1269032 | H19: =SUM(F19:G19) -> 3619332
B20: Available for UCD | C20: =SUMIFS(33:33,$28:$28,C$18,$29:$29,"<>Total") -> 1074382 | D20: =SUMIFS(33:33,$28:$28,D$18,$29:$29,"<>Total") -> 2189609 | E20: =SUM(C20:D20) -> 3263991 | F20: =SUMIFS(756:756,$28:$28,F$18,$29:$29,"<>Total") -> 985825 | G20: =SUMIFS(756:756,$28:$28,G$18,$29:$29,"<>Total") -> 1970970 | H20: =SUM(F20:G20) -> 2956795
B21: Grand Total | C21: =SUM(C19:C20) -> 3820983 | D21: =SUM(D19:D20) -> 3581796 | E21: =SUM(E19:E20) -> 7402779 | F21: =SUM(F19:F20) -> 3336125 | G21: =SUM(G19:G20) -> 3240002 | H21: =SUM(H19:H20) -> 6576127
B22: % | C22: =C21/E21 -> 0.51615522 | D22: =D21/E21 -> 0.48384478 | E22: =SUM(C22:D22) -> 1 | F22: =F21/H21 -> 0.50730848 | G22: =G21/H21 -> 0.49269152 | H22: =SUM(F22:G22) -> 1
A24: Total Holdings and Titles
A26: Holdings
B28: FY2023-2024 eResources (inc. DDA) (action) | C28: Excluded | D28: Excluded | E28: Excluded | F28: Excluded | G28: Excluded | H28: Excluded | I28: Excluded | J28: Excluded | K28: Excluded | L28: Excluded | M28: Excluded | N28: Excluded | O28: Excluded | P28: Excluded | Q28: Excluded | R28: Excluded | S28: Excluded | T28: Included | U28: Included | V28: Included | W28: Included | X28: Included | Y28: Included | Z28: Included | AA28: Included | AB28: Included | AC28: Included
B29: FY2023-2024 eResources (inc. DDA) | C29: Exclude (confirmed FY2022-2023) | D29: Exclude (confirmed FY2022-2023) | E29: Exclude (confirmed FY2022-2023) | F29: Exclude (confirmed FY2022-2023) | G29: Exclude (confirmed FY2022-2023) | H29: Exclude (confirmed FY2022-2023) | I29: Purchased DDA | J29: Unknown Purchase Status DDA | K29: Unknown Purchase Status DDA | L29: Unknown if DDA | M29: Unknown if DDA | N29: Unknown if DDA | O29: eResources (excl. DDA) | P29: eResources (excl. DDA) | Q29: TOTAL | R29: TOTAL | S29: TOTAL | T29: Purchased DDA | U29: Unknown Purchase Status DDA | V29: Unknown if DDA | W29: eResources (excl. DDA) | X29: eResources (excl. DDA) | Y29: TOTAL | Z29: TOTAL | AA29: TOTAL | AB29: TOTAL | AC29: TOTAL
B30: FY2023-2024 eResources (inc. DDA) (details) | C30: Exclude (anything not in repository or active and not displayable in catalog) | D30: Exclude (confirmed FY2022-2023) - CNPeReading at CDL | E30: Exclude (confirmed FY2022-2023) - DOAB at CDL | F30: Exclude (confirmed FY2022-2023) - JSTOR at CDL | G30: Exclude (confirmed FY2022-2023) - Title IS NULL | H30: Exclude (suppressed and not displayable in catalog) | I30: Exclude (anything not in repository or active and not displayable in catalog) | J30: Exclude (anything not in repository or active and not displayable in catalog) | K30: Exclude (suppressed and not displayable in catalog) | L30: Exclude (anything not in repository or active and not displayable in catalog) | M30: Exclude (resource type that are NULLs and unknowns) | N30: Exclude (suppressed and not displayable in catalog) | O30: Exclude (anything not in repository or active and not displayable in catalog) | P30: Exclude (suppressed and not displayable in catalog) | Q30: Exclude (anything not in repository or active and not displayable in catalog) | R30: Exclude (resource type that are NULLs and unknowns) | S30: Exclude (suppressed and not displayable in catalog) | T30: Purchased DDA (purchase mentioned) | U30: Unknown Purchase Status DDA (mentioned DDA but without mentioning of purchase) | V30: Unknown if DDA (all other values) | W30: eResources (excl. DDA) (no mentioning of DDA but purchased mentioned) | X30: eResources (excl. DDA) - Public Name is NULL | Y30: Purchased DDA (purchase mentioned) | Z30: Unknown Purchase Status DDA (mentioned DDA but without mentioning of purchase) | AA30: Unknown if DDA (all other values) | AB30: eResources (excl. DDA) (no mentioning of DDA but purchased mentioned) | AC30: eResources (excl. DDA) - Public Name is NULL
A31: FY2023-2024 UCOP Stats Library Categories | B31: Institution Name
A32: General/Main | B32: Available at UCD | G32: 1029 | J32: 871 | K32: 9 | L32: 1718589 | N32: 1013028 | O32: 11255 | P32: 1689 | Q32: 1730715 | S32: 1014726 | U32: 13945 | V32: 1372657 | W32: 1517 | X32: 4055 | Z32: 13945 | AA32: 1372657 | AB32: 1517 | AC32: 4055
B33: Available for UCD | C33: 30703 | D33: 8033 | E33: 80693 | F33: 17752 | G33: 418 | H33: 204 | I33: 24 | L33: 929139 | M33: 2 | N33: 5035 | O33: 1919 | P33: 460 | Q33: 931082 | R33: 2 | S33: 5495 | T33: 1077 | V33: 2184681 | W33: 3848 | X33: 3 | Y33: 1077 | AA33: 2184681 | AB33: 3848 | AC33: 3
A34: Law | B34: Available at UCD | L34: 98 | O34: 24 | P34: 9 | Q34: 122 | S34: 9 | V34: 7 | X34: 6 | AA34: 7 | AC34: 6
A35: Grand Total | C35: 30703 | D35: 8033 | E35: 80693 | F35: 17752 | G35: 1447 | H35: 204 | I35: 24 | J35: 871 | K35: 9 | L35: 2647826 | M35: 2 | N35: 1018063 | O35: 13198 | P35: 2158 | Q35: 2661919 | R35: 2 | S35: 1020230 | T35: 1077 | U35: 13945 | V35: 3557345 | W35: 5365 | X35: 4064 | Y35: 1077 | Z35: 13945 | AA35: 3557345 | AB35: 5365 | AC35: 4064
A37: Holdings by Resource Type
B38: =$B$40 -> Available at UCD | C38: =$B$40 -> Available at UCD | D38: =$B$40 -> Available at UCD | E38: =$B$40 -> Available at UCD | F38: =$B$40 -> Available at UCD | G38: =$B$40 -> Available at UCD | H38: =$B$40 -> Available at UCD | I38: =$B$40 -> Available at UCD | ... R38: =$B$40 -> Available at UCD | S38: =$S$40 -> Available for UCD | T38: =$S$40 -> Available for UCD | U38: =$S$40 -> Available for UCD | V38: =$S$40 -> Available for UCD | W38: =$S$40 -> Available for UCD | X38: =$S$40 -> Available for UCD | Y38: =$S$40 -> Available for UCD | Z38: =$S$40 -> Available for UCD | ... AO38: =$S$40 -> Available for UCD | AP38: =$AP$40 -> Available at UCD | AQ38: =$AP$40 -> Available at UCD | AR38: =$AP$40 -> Available at UCD | AS38: =$AP$40 -> Available at UCD | AT38: =$AP$40 -> Available at UCD | AU38: =$AP$40 -> Available at UCD | AV38: =$AP$40 -> Available at UCD | AW38: =$AP$40 -> Available at UCD | AX38: =$AP$40 -> Available at UCD
A39: FY2023-2024 UCOP Stats Library Categories | B39: General/Main | AP39: Law
A40: Institution Name | B40: Available at UCD | S40: Available for UCD | AP40: Available at UCD
A41: FY2023-2024 eResources (inc. DDA) (action) | B41: Excluded | C41: Excluded | D41: Excluded | E41: Excluded | F41: Excluded | G41: Excluded | H41: Excluded | I41: Excluded | J41: Excluded | K41: Included | L41: Included | M41: Included | N41: Included | O41: Included | P41: Included | Q41: Included | R41: Included | S41: Excluded | T41: Excluded | U41: Excluded | V41: Excluded | W41: Excluded | X41: Excluded | Y41: Excluded | Z41: Excluded | AA41: Excluded | AB41: Excluded | AC41: Excluded | AD41: Excluded | AE41: Excluded | AF41: Excluded | AG41: Excluded | AH41: Included | AI41: Included | AJ41: Included | AK41: Included | AL41: Included | AM41: Included | AN41: Included | AO41: Included | AP41: Excluded | AQ41: Excluded | AR41: Excluded | AS41: Excluded | AT41: Excluded | AU41: Included | AV41: Included | AW41: Included | AX41: Included
A42: FY2023-2024 eResources (inc. DDA) | B42: Exclude (confirmed FY2022-2023) | C42: Unknown Purchase Status DDA | D42: Unknown Purchase Status DDA | E42: Unknown if DDA | F42: Unknown if DDA | G42: eResources (excl. DDA) | H42: eResources (excl. DDA) | I42: TOTAL | J42: TOTAL | K42: Unknown Purchase Status DDA | L42: Unknown if DDA | M42: eResources (excl. DDA) | N42: eResources (excl. DDA) | O42: TOTAL | P42: TOTAL | Q42: TOTAL | R42: TOTAL | S42: Exclude (confirmed FY2022-2023) | T42: Exclude (confirmed FY2022-2023) | U42: Exclude (confirmed FY2022-2023) | V42: Exclude (confirmed FY2022-2023) | W42: Exclude (confirmed FY2022-2023) | X42: Exclude (confirmed FY2022-2023) | Y42: Purchased DDA | Z42: Unknown if DDA | AA42: Unknown if DDA | AB42: Unknown if DDA | AC42: eResources (excl. DDA) | AD42: eResources (excl. DDA) | AE42: TOTAL | AF42: TOTAL | AG42: TOTAL | AH42: Purchased DDA | AI42: Unknown if DDA | AJ42: eResources (excl. DDA) | AK42: eResources (excl. DDA) | AL42: TOTAL | AM42: TOTAL | AN42: TOTAL | AO42: TOTAL | AP42: Unknown if DDA | AQ42: eResources (excl. DDA) | AR42: eResources (excl. DDA) | AS42: TOTAL | AT42: TOTAL | AU42: Unknown if DDA | AV42: eResources (excl. DDA) | AW42: TOTAL | AX42: TOTAL
A43: FY2023-2024 eResources (inc. DDA) (details) | B43: Exclude (confirmed FY2022-2023) - Title IS NULL | C43: Exclude (anything not in repository or active and not displayable in catalog) | D43: Exclude (suppressed and not displayable in catalog) | E43: Exclude (anything not in repository or active and not displayable in catalog) | F43: Exclude (suppressed and not displayable in catalog) | G43: Exclude (anything not in repository or active and not displayable in catalog) | H43: Exclude (suppressed and not displayable in catalog) | I43: Exclude (anything not in repository or active and not displayable in catalog) | J43: Exclude (suppressed and not displayable in catalog) | K43: Unknown Purchase Status DDA (mentioned DDA but without mentioning of purchase) | L43: Unknown if DDA (all other values) | M43: eResources (excl. DDA) (no mentioning of DDA but purchased mentioned) | N43: eResources (excl. DDA) - Public Name is NULL | O43: Unknown Purchase Status DDA (mentioned DDA but without mentioning of purchase) | P43: Unknown if DDA (all other values) | Q43: eResources (excl. DDA) (no mentioning of DDA but purchased mentioned) | R43: eResources (excl. DDA) - Public Name is NULL | S43: Exclude (anything not in repository or active and not displayable in catalog) | T43: Exclude (confirmed FY2022-2023) - CNPeReading at CDL | U43: Exclude (confirmed FY2022-2023) - DOAB at CDL | V43: Exclude (confirmed FY2022-2023) - JSTOR at CDL | W43: Exclude (confirmed FY2022-2023) - Title IS NULL | X43: Exclude (suppressed and not displayable in catalog) | Y43: Exclude (anything not in repository or active and not displayable in catalog) | Z43: Exclude (anything not in repository or active and not displayable in catalog) | AA43: Exclude (resource type that are NULLs and unknowns) | AB43: Exclude (suppressed and not displayable in catalog) | AC43: Exclude (anything not in repository or active and not displayable in catalog) | AD43: Exclude (suppressed and not displayable in catalog) | AE43: Exclude (anything not in repository or active and not displayable in catalog) | AF43: Exclude (resource type that are NULLs and unknowns) | AG43: Exclude (suppressed and not displayable in catalog) | AH43: Purchased DDA (purchase mentioned) | AI43: Unknown if DDA (all other values) | AJ43: eResources (excl. DDA) (no mentioning of DDA but purchased mentioned) | AK43: eResources (excl. DDA) - Public Name is NULL | AL43: Purchased DDA (purchase mentioned) | AM43: Unknown if DDA (all other values) | AN43: eResources (excl. DDA) (no mentioning of DDA but purchased mentioned) | AO43: eResources (excl. DDA) - Public Name is NULL | AP43: Exclude (anything not in repository or active and not displayable in catalog) | AQ43: Exclude (anything not in repository or active and not displayable in catalog) | AR43: Exclude (suppressed and not displayable in catalog) | AS43: Exclude (anything not in repository or active and not displayable in catalog) | AT43: Exclude (suppressed and not displayable in catalog) | AU43: Unknown if DDA (all other values) | AV43: eResources (excl. DDA) - Public Name is NULL | AW43: Unknown if DDA (all other values) | AX43: eResources (excl. DDA) - Public Name is NULL
A44: Resource Type
A45: 2D non-projectable graphic - Electronic | E45: 177 | F45: 220 | G45: 1 | I45: 178 | J45: 220 | L45: 249 | N45: 1 | P45: 249 | R45: 1 | Z45: 329 | AE45: 329 | AI45: 664 | AM45: 664
A46: 2D non-projectable graphic - Physical | C46: 1 | E46: 40 | G46: 3 | I46: 44 | L46: 8 | P46: 8 | Z46: 1 | AE46: 1
A47: Atlas - Electronic | E47: 44 | F47: 7 | G47: 1 | I47: 45 | J47: 7 | L47: 12 | P47: 12 | V47: 1 | Z47: 53 | AE47: 53 | AI47: 64 | AM47: 64
A48: Atlas - Microfiche | E48: 1 | I48: 1
A49: Atlas - Microfilm | F49: 1 | J49: 1
A50: Atlas - Physical | E50: 16 | F50: 1 | G50: 2 | H50: 2 | I50: 18 | J50: 3 | L50: 18 | P50: 18 | Z50: 1 | AE50: 1
A51: Audio musical - Electronic | E51: 139715 | F51: 2 | G51: 9 | I51: 139724 | J51: 2 | L51: 62017 | P51: 62017 | Z51: 152 | AE51: 152 | AI51: 903 | AM51: 903
A52: Audio musical - Physical | E52: 3080 | I52: 3080
A53: Audio nonmusical - Electronic | C53: 1 | E53: 536 | F53: 1 | G53: 20 | I53: 557 | J53: 1 | K53: 1 | L53: 739 | O53: 1 | P53: 739 | Z53: 474 | AE53: 474 | AI53: 2879 | AJ53: 40 | AM53: 2879 | AN53: 40
A54: Audio nonmusical - Physical | E54: 1 | I54: 1 | L54: 30 | P54: 30
A55: Book - Electronic | C55: 865 | D55: 8 | E55: 1379086 | F55: 972841 | G55: 6055 | H55: 394 | I55: 1386006 | J55: 973243 | K55: 13906 | L55: 1169701 | M55: 1512 | N55: 3936 | O55: 13906 | P55: 1169701 | Q55: 1512 | R55: 3936 | S55: 30602 | T55: 8030 | U55: 80602 | V55: 17738 | X55: 204 | Y55: 24 | Z55: 726116 | AB55: 4738 | AC55: 1799 | AD55: 23 | AE55: 727939 | AG55: 4761 | AH55: 1077 | AI55: 1749407 | AJ55: 3043 | AL55: 1077 | AM55: 1749407 | AN55: 3043 | AP55: 1 | AS55: 1 | AU55: 2 | AV55: 1 | AW55: 2 | AX55: 1
A56: Book - Physical | C56: 2 | D56: 1 | E56: 73090 | F56: 2794 | G56: 388 | H56: 336 | I56: 73480 | J56: 3131 | K56: 37 | L56: 31279 | M56: 4 | N56: 10 | O56: 37 | P56: 31279 | Q56: 4 | R56: 10 | S56: 6 | T56: 1 | U56: 7 | Z56: 1138 | AB56: 13 | AC56: 1 | AE56: 1139 | AG56: 13 | AI56: 100 | AM56: 100 | AP56: 9 | AR56: 5 | AS56: 9 | AT56: 5 | AV56: 1 | AX56: 1
A57: Braille Book - Physical | E57: 6 | I57: 6 | Z57: 1 | AE57: 1
A58: Braille Serial - Physical | E58: 9 | F58: 2 | I58: 9 | J58: 2 | L58: 2 | P58: 2
A59: Collection | E59: 89 | F59: 139 | G59: 5 | H59: 6 | I59: 94 | J59: 145 | L59: 329 | P59: 329 | S59: 34 | U59: 48 | Z59: 71 | AE59: 71 | AI59: 246 | AM59: 246 | AP59: 2 | AS59: 2 | AU59: 1 | AW59: 1
A60: Journal (Ceased publication) - Electronic | E60: 2889 | F60: 1500 | G60: 240 | H60: 2 | I60: 3129 | J60: 1502 | L60: 4887 | N60: 29 | P60: 4887 | R60: 29 | Z60: 11050 | AB60: 6 | AC60: 10 | AD60: 3 | AE60: 11060 | AG60: 9 | AI60: 30751 | AJ60: 128 | AM60: 30751 | AN60: 128
A61: Journal (Ceased publication) - Physical | E61: 507 | F61: 231 | G61: 559 | H61: 240 | I61: 1066 | J61: 471 | L61: 343 | P61: 343 | Z61: 7 | AE61: 7 | AI61: 3 | AM61: 3 | AP61: 1 | AS61: 1
A62: Journal - Electronic | E62: 30046 | F62: 4370 | G62: 379 | H62: 36 | I62: 30425 | J62: 4406 | L62: 24009 | N62: 10 | P62: 24009 | R62: 10 | Z62: 129221 | AB62: 91 | AC62: 90 | AD62: 413 | AE62: 129311 | AG62: 504 | AI62: 273942 | AJ62: 574 | AK62: 1 | AM62: 273942 | AN62: 574 | AO62: 1 | AQ62: 2 | AR62: 2 | AS62: 2 | AT62: 2
A63: Journal - Physical | C63: 1 | E63: 652 | F63: 525 | G63: 1107 | H63: 391 | I63: 1760 | J63: 916 | L63: 475 | P63: 475 | Z63: 17 | AD63: 3 | AE63: 17 | AG63: 3 | AI63: 3 | AM63: 3 | AP63: 1 | AQ63: 4 | AS63: 5 | AU63: 1 | AV63: 1 | AW63: 1 | AX63: 1
A64: Kit - Physical | E64: 6 | I64: 6 | L64: 1 | P64: 1
A65: Manuscripts - Electronic | E65: 816 | F65: 632 | G65: 2 | I65: 818 | J65: 632 | K65: 1 | L65: 301 | O65: 1 | P65: 301 | V65: 1 | Z65: 50 | AE65: 50 | AI65: 1194 | AM65: 1194
A66: Manuscripts - Physical | E66: 9 | G66: 3 | H66: 2 | I66: 12 | J66: 2 | L66: 3881 | N66: 1 | P66: 3881 | R66: 1 | Z66: 1 | AE66: 1
A67: Map - Electronic | E67: 2345 | F67: 1059 | G67: 2 | I67: 2347 | J67: 1059 | L67: 1319 | P67: 1319 | Z67: 6606 | AE67: 6606 | AI67: 7047 | AM67: 7047
A68: Map - Microfiche | E68: 17 | I68: 17 | L68: 6 | P68: 6
A69: Map - Microfilm | F69: 11 | J69: 11 | Z69: 1 | AE69: 1
A70: Map - Physical | E70: 36 | F70: 9 | I70: 36 | J70: 9 | L70: 104 | P70: 104 | Z70: 85 | AE70: 85
A71: Map – Component Part | E71: 1 | I71: 1 | Z71: 1 | AE71: 1
A72: Microforms | E72: 13920 | F72: 46 | G72: 29 | H72: 7 | I72: 13949 | J72: 53 | L72: 167 | N72: 4 | P72: 167 | R72: 4 | Z72: 153 | AE72: 153 | AI72: 13 | AM72: 13
A73: Mixed materials | F73: 1 | J73: 1 | L73: 76 | P73: 76 | AI73: 1119 | AM73: 1119
A74: Monographic component part - Electronic | E74: 376 | F74: 1 | I74: 376 | J74: 1 | L74: 243 | N74: 2 | P74: 243 | R74: 2 | S74: 52 | U74: 28 | V74: 9 | Z74: 529 | AE74: 529 | AI74: 5345 | AM74: 5345
A75: Monographic component part - Physical | E75: 1 | I75: 1 | L75: 24 | P75: 24 | S75: 2 | Z75: 3 | AE75: 3
A76: Music - Component Part | L76: 26 | P76: 26
A77: Newspaper (Ceased publication) - Electronic | E77: 1128 | F77: 51 | G77: 17 | H77: 1 | I77: 1145 | J77: 52 | L77: 5124 | N77: 40 | P77: 5124 | R77: 40 | Z77: 1335 | AC77: 1 | AE77: 1336 | AI77: 4352 | AM77: 4352
A78: Newspaper (Ceased publication) - Physical | E78: 21 | G78: 22 | I78: 43 | L78: 22 | N78: 2 | P78: 22 | R78: 2
A79: Newspaper - Electronic | E79: 387 | F79: 231 | G79: 8 | I79: 395 | J79: 231 | L79: 622 | P79: 622 | Z79: 2331 | AE79: 2331 | AI79: 6284 | AM79: 6284
A80: Newspaper - Physical | E80: 9 | F80: 2 | G80: 7 | H80: 3 | I80: 16 | J80: 5 | L80: 12 | P80: 12
A81: Notated music - Electronic | E81: 379 | F81: 412 | G81: 1 | I81: 380 | J81: 412 | L81: 172 | N81: 2 | P81: 172 | R81: 2 | U81: 3 | Z81: 18 | AE81: 18 | AI81: 429 | AM81: 429
A82: Notated music - Physical | E82: 18 | G82: 2 | H82: 1 | I82: 20 | J82: 1 | L82: 1598 | P82: 1598 | AB82: 1 | AG82: 1
A83: Other Serial (Ceased publication) - Electronic | E83: 1196 | F83: 5505 | G83: 31 | H83: 2 | I83: 1227 | J83: 5507 | L83: 1514 | N83: 7 | P83: 1514 | R83: 7 | Z83: 9743 | AB83: 30 | AC83: 3 | AE83: 9746 | AG83: 30 | AI83: 14326 | AJ83: 1 | AM83: 14326 | AN83: 1
A84: Other Serial (Ceased publication) - Physical | E84: 1758 | F84: 296 | G84: 150 | H84: 38 | I84: 1908 | J84: 334 | L84: 1051 | N84: 1 | P84: 1051 | R84: 1 | Z84: 17 | AE84: 17 | AI84: 2 | AM84: 2 | AQ84: 2 | AS84: 2 | AU84: 1 | AW84: 1
A85: Other Serial - Electronic | E85: 13708 | F85: 20694 | G85: 330 | H85: 79 | I85: 14038 | J85: 20773 | L85: 3547 | M85: 1 | N85: 7 | P85: 3547 | Q85: 1 | R85: 7 | U85: 1 | Z85: 31984 | AB85: 156 | AC85: 15 | AD85: 18 | AE85: 31999 | AG85: 174 | AI85: 72254 | AJ85: 62 | AK85: 2 | AM85: 72254 | AN85: 62 | AO85: 2 | AP85: 82 | AQ85: 14 | AR85: 1 | AS85: 96 | AT85: 1 | AU85: 1 | AV85: 2 | AW85: 1 | AX85: 2
A86: Other Serial - Physical | C86: 1 | E86: 1930 | F86: 406 | G86: 250 | H86: 107 | I86: 2181 | J86: 513 | L86: 1279 | P86: 1279 | Z86: 73 | AE86: 73 | AI86: 24 | AM86: 24 | AP86: 2 | AQ86: 2 | AS86: 4 | AU86: 1 | AV86: 1 | AW86: 1 | AX86: 1
A87: Other material - Electronic | E87: 11569 | F87: 211 | G87: 16 | H87: 1 | I87: 11585 | J87: 212 | L87: 159 | P87: 159 | T87: 2 | U87: 4 | V87: 3 | Z87: 400 | AE87: 400 | AI87: 219 | AM87: 219 | AR87: 1 | AT87: 1
A88: Projected medium - Electronic | E88: 33041 | F88: 640 | G88: 1587 | H88: 31 | I88: 34628 | J88: 671 | L88: 43518 | N88: 3 | P88: 43518 | R88: 3 | Z88: 5790 | AE88: 5790 | AI88: 12667 | AM88: 12667
A89: Projected medium - Physical | E89: 766 | F89: 7 | G89: 9 | H89: 6 | I89: 775 | J89: 13 | L89: 43 | P89: 43 | Z89: 1173 | AE89: 1173
A90: Serial component part - Electronic | E90: 1 | I90: 1 | L90: 13 | P90: 13 | Z90: 2 | AE90: 2 | AI90: 5 | AM90: 5
A91: Serial component part - Physical | H91: 1 | J91: 1
A92: Undefined | E92: 4706 | F92: 180 | G92: 19 | H92: 3 | I92: 4725 | J92: 183 | L92: 13737 | P92: 13737 | S92: 7 | Z92: 213 | AE92: 213 | AI92: 439 | AM92: 439
A93: Unknown | B93: 1029 | E93: 461 | G93: 1 | I93: 462 | W93: 418 | AA93: 2 | AF93: 2
A94: Grand Total | B94: 1029 | C94: 871 | D94: 9 | E94: 1718589 | F94: 1013028 | G94: 11255 | H94: 1689 | I94: 1730715 | J94: 1014726 | K94: 13945 | L94: 1372657 | M94: 1517 | N94: 4055 | O94: 13945 | P94: 1372657 | Q94: 1517 | R94: 4055 | S94: 30703 | T94: 8033 | U94: 80693 | V94: 17752 | W94: 418 | X94: 204 | Y94: 24 | Z94: 929139 | AA94: 2 | AB94: 5035 | AC94: 1919 | AD94: 460 | AE94: 931082 | AF94: 2 | AG94: 5495 | AH94: 1077 | AI94: 2184681 | AJ94: 3848 | AK94: 3 | AL94: 1077 | AM94: 2184681 | AN94: 3848 | AO94: 3 | AP94: 98 | AQ94: 24 | AR94: 9 | AS94: 122 | AT94: 9 | AU94: 7 | AV94: 6 | AW94: 7 | AX94: 6
A96: Holdings by Electronic Collection Interface Name
A98: FY2023-2024 UCOP Stats Library Categories | B98: General/Main | AP98: Law
A99: Institution Name | B99: Available at UCD | S99: Available for UCD | AP99: Available at UCD
A100: FY2023-2024 eResources (inc. DDA) (action) | B100: Excluded | C100: Excluded | D100: Excluded | E100: Excluded | F100: Excluded | G100: Excluded | H100: Excluded | I100: Excluded | J100: Excluded | K100: Included | L100: Included | M100: Included | N100: Included | O100: Included | P100: Included | Q100: Included | R100: Included | S100: Excluded | T100: Excluded | U100: Excluded | V100: Excluded | W100: Excluded | X100: Excluded | Y100: Excluded | Z100: Excluded | AA100: Excluded | AB100: Excluded | AC100: Excluded | AD100: Excluded | AE100: Excluded | AF100: Excluded | AG100: Excluded | AH100: Included | AI100: Included | AJ100: Included | AK100: Included | AL100: Included | AM100: Included | AN100: Included | AO100: Included | AP100: Excluded | AQ100: Excluded | AR100: Excluded | AS100: Excluded | AT100: Excluded | AU100: Included | AV100: Included | AW100: Included | AX100: Included
A101: FY2023-2024 eResources (inc. DDA) | B101: Exclude (confirmed FY2022-2023) | C101: Unknown Purchase Status DDA | D101: Unknown Purchase Status DDA | E101: Unknown if DDA | F101: Unknown if DDA | G101: eResources (excl. DDA) | H101: eResources (excl. DDA) | I101: TOTAL | J101: TOTAL | K101: Unknown Purchase Status DDA | L101: Unknown if DDA | M101: eResources (excl. DDA) | N101: eResources (excl. DDA) | O101: TOTAL | P101: TOTAL | Q101: TOTAL | R101: TOTAL | S101: Exclude (confirmed FY2022-2023) | T101: Exclude (confirmed FY2022-2023) | U101: Exclude (confirmed FY2022-2023) | V101: Exclude (confirmed FY2022-2023) | W101: Exclude (confirmed FY2022-2023) | X101: Exclude (confirmed FY2022-2023) | Y101: Purchased DDA | Z101: Unknown if DDA | AA101: Unknown if DDA | AB101: Unknown if DDA | AC101: eResources (excl. DDA) | AD101: eResources (excl. DDA) | AE101: TOTAL | AF101: TOTAL | AG101: TOTAL | AH101: Purchased DDA | AI101: Unknown if DDA | AJ101: eResources (excl. DDA) | AK101: eResources (excl. DDA) | AL101: TOTAL | AM101: TOTAL | AN101: TOTAL | AO101: TOTAL | AP101: Unknown if DDA | AQ101: eResources (excl. DDA) | AR101: eResources (excl. DDA) | AS101: TOTAL | AT101: TOTAL | AU101: Unknown if DDA | AV101: eResources (excl. DDA) | AW101: TOTAL | AX101: TOTAL
A102: FY2023-2024 eResources (inc. DDA) (details) | B102: Exclude (confirmed FY2022-2023) - Title IS NULL | C102: Exclude (anything not in repository or active and not displayable in catalog) | D102: Exclude (suppressed and not displayable in catalog) | E102: Exclude (anything not in repository or active and not displayable in catalog) | F102: Exclude (suppressed and not displayable in catalog) | G102: Exclude (anything not in repository or active and not displayable in catalog) | H102: Exclude (suppressed and not displayable in catalog) | I102: Exclude (anything not in repository or active and not displayable in catalog) | J102: Exclude (suppressed and not displayable in catalog) | K102: Unknown Purchase Status DDA (mentioned DDA but without mentioning of purchase) | L102: Unknown if DDA (all other values) | M102: eResources (excl. DDA) (no mentioning of DDA but purchased mentioned) | N102: eResources (excl. DDA) - Public Name is NULL | O102: Unknown Purchase Status DDA (mentioned DDA but without mentioning of purchase) | P102: Unknown if DDA (all other values) | Q102: eResources (excl. DDA) (no mentioning of DDA but purchased mentioned) | R102: eResources (excl. DDA) - Public Name is NULL | S102: Exclude (anything not in repository or active and not displayable in catalog) | T102: Exclude (confirmed FY2022-2023) - CNPeReading at CDL | U102: Exclude (confirmed FY2022-2023) - DOAB at CDL | V102: Exclude (confirmed FY2022-2023) - JSTOR at CDL | W102: Exclude (confirmed FY2022-2023) - Title IS NULL | X102: Exclude (suppressed and not displayable in catalog) | Y102: Exclude (anything not in repository or active and not displayable in catalog) | Z102: Exclude (anything not in repository or active and not displayable in catalog) | AA102: Exclude (resource type that are NULLs and unknowns) | AB102: Exclude (suppressed and not displayable in catalog) | AC102: Exclude (anything not in repository or active and not displayable in catalog) | AD102: Exclude (suppressed and not displayable in catalog) | AE102: Exclude (anything not in repository or active and not displayable in catalog) | AF102: Exclude (resource type that are NULLs and unknowns) | AG102: Exclude (suppressed and not displayable in catalog) | AH102: Purchased DDA (purchase mentioned) | AI102: Unknown if DDA (all other values) | AJ102: eResources (excl. DDA) (no mentioning of DDA but purchased mentioned) | AK102: eResources (excl. DDA) - Public Name is NULL | AL102: Purchased DDA (purchase mentioned) | AM102: Unknown if DDA (all other values) | AN102: eResources (excl. DDA) (no mentioning of DDA but purchased mentioned) | AO102: eResources (excl. DDA) - Public Name is NULL | AP102: Exclude (anything not in repository or active and not displayable in catalog) | AQ102: Exclude (anything not in repository or active and not displayable in catalog) | AR102: Exclude (suppressed and not displayable in catalog) | AS102: Exclude (anything not in repository or active and not displayable in catalog) | AT102: Exclude (suppressed and not displayable in catalog) | AU102: Unknown if DDA (all other values) | AV102: eResources (excl. DDA) - Public Name is NULL | AW102: Unknown if DDA (all other values) | AX102: eResources (excl. DDA) - Public Name is NULL
A103: Electronic Collection Interface Name
G104: 11148 | H104: 1686 | I104: 11148 | J104: 1686 | N104: 4055 | R104: 4055 | AC104: 1785 | AD104: 459 | AE104: 1785 | AG104: 459 | AK104: 3 | AO104: 3 | AQ104: 24 | AR104: 9 | AS104: 24 | AT104: 9 | AV104: 6 | AX104: 6
A105: AAPG DataPages | L105: 10 | P105: 10
A106: ACM Digital Library | B106: 1 | Z106: 207 | AB106: 83 | AE106: 207 | AG106: 83 | AI106: 15147 | AM106: 15147
A107: AIAA Aerospace Research Central | E107: 1 | F107: 4 | I107: 1 | J107: 4 | L107: 1223 | P107: 1223
A108: AIP Publishing | F108: 1 | J108: 1 | L108: 2 | P108: 2 | Z108: 43 | AE108: 43 | AI108: 3349 | AM108: 3349
A109: AIP Scitation | B109: 2
...
